file_name,clean_char_count,item_1_len,item_1a_len,item_7_len,item_1,item_1a,item_7
20240102_10-K_edgar_data_1288750_0001654954-24-000069.txt,331423,33,23,95,ITEM 1. DESCRIPTION OF BUSINESS 5,ITEM 1A. RISK FACTORS 9,ITEM 7. MANAGEMENT'S DISCUSSION AND ANALYSIS OF FINANCIAL CONDITION AND RESULTS OF OPERATION 65
20240102_10-K_edgar_data_1827855_0001683168-24-000004.txt,54692,36,26,98,"ITEM 1 
 Description of Business 
 1","ITEM 1A 
 Risk Factors 
 1","ITEM 7 
 Management's Discussion and Analysis of Financial Condition and Results of Operations 
 2"
20240102_10-K_edgar_data_90168_0000090168-23-000083.txt,256503,10424,56512,13557,"Item 1. Business 
 A. The Company 
 SIFCO Industries, Inc. (""SIFCO,"" ""Company,"" ""we"" or ""our""), an Ohio corporation, was incorporated in 1916. The executive offices of the Company are located at 970 East 64th Street, Cleveland, Ohio 44103, and its telephone number is (216) 881-8600. 
 
 SIFCO is engaged in the production of forgings, sub-assemblies, and machined components primarily for the Aerospace and Energy (""A E"") markets. The processes and services include forging, heat-treating, chemical processing and machining. The Company's operations are conducted in a single business segment. Information relating to the Company's financial results is set forth in the consolidated financial statements included in Item 8 of this Annual Report on Form 10-K. 
 
 Cybersecurity Incident 
 As reported on Forms 8-K filed January 6, 2023 and February 10, 2023, the Company became aware of unauthorized access to the Company's systems on December 30, 2022. The Company s domestic operations were impacted by this Cybersecurity Incident (""Cyber Incident"") which resulted in production delays and delayed shipments due to information access limitations. The Company immediately initiated response protocols and an investigation, engaging cyber security experts to assist with the assessment of the incident and to help determine what data was impacted. The Company has since completed data recovery and restoration from the cyber incident. See Note 11 , Commitments and Contingencies. 
 
 B. Principal Products and Services 
 Operations 
 SIFCO is a manufacturer of forgings and machined components for the Aerospace and Defense, Energy and Commercial Space markets. We provide our customers with envelope and precision forgings, rough and finished machined components, as well as sub-assemblies. SIFCO services both original equipment manufacturers (""OEM""), Tier 1 and Tier 2 suppliers, and aftermarket service providers with products that range in size from approximately 2 to 1,200 pounds. The Company's strategic vision is to build a leading A E company positioned for long-term, stable growth and profitability. 
 
 SIFCO's long-term plan is to have a balance comprised of military and commercial aerospace revenues, supplemented with energy, commercial space, and adjacent market components. In fiscal 2023, commercial and military revenues accounted for 55.6 and 44.4 of revenues, respectively, compared with 47.4 in commercial revenues and 52.6 in military revenues in fiscal 2022. The Company's capabilities are focused on supplying critical components, consisting primarily of steel, high temperature alloys, nickel alloys, titanium and aluminum. 
 
 SIFCO operates from multiple locations. SIFCO manufacturing facilities are located in Cleveland, Ohio (""Cleveland""); Orange, California (""Orange""); and Maniago, Italy (""Maniago""). SIFCO's operations are AS 9100D and/or ISO 9001:2015 certified and the Company also holds multiple National Aerospace and Defense Contractors Accreditation Program NADCAP certifications and site approvals from key OEM customers. During fiscal year 2022, the Company was subject to a NADCAP audit in Orange pursuant to which maintenance issues were identified that required remediation in order to meet the requisite qualifications for NADCAP Certification. The Company temporarily lost NADCAP Certification at its Orange location in the third quarter of fiscal 2022 and was required to outsource the process that required such certification to a third party. The Company regained such NADCAP Certification in Orange in the first quarter of fiscal 2023 and was able to fully resume operations. 
 
 The Company's success is not dependent on patents, trademarks, licenses or franchises. 
 
 Raw Materials 
 While the residual effects from the COVID-19 pandemic disrupted the global supply chain and availability of raw materials, SIFCO generally has multiple sources for its raw materials, which consist primarily of high-quality metals essential to its business. Suppliers of such materials are located principally in North America and Europe. SIFCO generally does not depend on a single source for the supply of its materials. Due to the limited supply of certain raw materials, some material is provided by a small number of suppliers; however, SIFCO believes that its sources are adequate for its busines s. The Company has experienced delays in the supply chain, which could effect our ability to timely obtain materials and components from our suppliers in the quantities we require or on favorable ter ms. As a result of supply chain disruptions and inflationary pressures, the Company has experienced increases in pricing for raw materials which could effect our customer demand and cost. 
 4 

Table of Contents 

However, SIFCO believes that its ability to pass through raw material costs on certain contractual agreements and discrete orders limits this exposure. For those contractual agreements, in which pass through pricing is not permissible, a material adverse effect upon the profitability of one or more of the affected contracts, future period financial reporting and performance may result. 
 
 Products 
 SIFCO s products are made primarily of steel, high temperature alloys, nickel alloy, titanium and aluminum. SIFCO's product offerings include: OEM and aftermarket components for aircraft and industrial gas turbine engines; steam turbine blades; structural airframe components; aircraft landing gear components; aircraft wheels and brakes; critical rotating components for helicopters; and commercial/industrial products. SIFCO also provides heat-treatment, surface-treatment, non-destructive testing and select machining and sub-assembly of forged components. 
 
 Industry 
 The performance of the domestic and international air transport industry, the energy industry, as well as government defense spending, directly and significantly impact the performance of SIFCO. The residual impacts of COVID-19 continue to be assessed by the Company. While demand for travel declined at a rapid pace beginning in the second half of our fiscal 2020, commercial air travel has progressively shown signs of recovery to pre-pandemic levels in fiscal 2023 with increasing air traffic, in both domestic and international markets. 
 
 SIFCO supplies new and spare components to the U.S. military for aircraft, helicopters, vehicles, and munitions. The Company's top programs include Blackhawk (H60), C-130, F-18 and F-35. The defense budget in the United States varies from year to year, driven by defense procurement policy and government budget constraints. Coming out of the pandemic, the defense aerospace market has been impacted by COVID overproduction and build rates. Uncertainty may arise if the government reprioritizes funding as a result of, among other factors, potential changes in the threat environment, defense spending levels, government priorities, political leadership, procurement strategy, military strategy and planning, and broader changes in social, economic or political demands or priorities. Certain programs in which the Company participates have seen favorable trends, which are expected to continue. 
 
 SIFCO supplies components for commercial aircraft, principally for large aircraft produced by Boeing and Airbus, and for general aviation. Domestic and international travel are now at pre-pandemic levels. Build rates, particularly the Boeing 777-9 (formerly 777X), 787, 737 MAX and the Airbus A350, declined and partially rebounded in 2022, but not as quickly as previously anticipated. In fiscal year 2023, build rates on these platforms continued to rebound. 
 
 SIFCO supplies new and spare components to the energy industry, particularly the industrial gas and steam turbine markets. While alternative energy markets continue to strengthen, oil and gas prices are expected to rebound given rising gas prices from historic lows. As such, it's currently anticipated that purchases of parts and supplies within the industry will increase. SIFCO has positioned itself to be less dependent on OEM production, but with flexibility to address the demand cycle in this segment as well as continuing to support the aftermarket. 
 
 SIFCO supplies components to the commercial space industry, which is rapidly evolving. An increasing number of companies are participating in the space launch and reentry programs, which brings continuous development, innovation in technologies, and new approaches in this market. We believe there is an opportunity for SIFCO to gain an increased market share as this industry continues to evolve and grow. 
 
 SIFCO supplies components to the semiconductor industry, for use in the manufacture of microchips. These components require very challenging material properties and purity. Our technical expertise has allowed SIFCO to gain customer certifications for a variety of materials in the this application. We believe this market holds growth opportunity for SIFCO. 
 
 Competition 
 SIFCO competes with numerous companies, both in and tangential to the A E industry, of which fifteen are known by SIFCO. SIFCO competes with both U.S. and non-U.S. suppliers of forgings, some of which are significantly larger than SIFCO; however, our competitors range from companies focused on the A E markets to large diversified corporations that may also have business interests outside of the A E markets to smaller companies that offer a limited portfolio of products in this market. SIFCO believes that it has an advantage and distinguishes itself in the primary markets it serves due to its: (i) demonstrated A E expertise; (ii) focus on quality and customer service; (iii) operating initiatives such as SMART (Streamlined Manufacturing Activities to Reduce Time/Cost) and Six Sigma; and (iv) broad range of capabilities and offerings. As customers establish and utilize new facilities throughout the world, SIFCO will continue to encounter non-U.S. competition. SIFCO believes it can expand its market share by (i) continuing to increase capacity utilization; (ii) broadening its product lines through 
 5 

Table of Contents 

investment in equipment that expands its manufacturing capabilities; and (iii) developing new customers in markets where the participants require similar technical competence and service as those in the A E industries. See further discussion of the risks relating to competition SIFCO faces in","Item 1A. Risk Factors . 
 
 Government Contracts 
 Companies, such as SIFCO, that supply equipment and products to the U.S. military are subject to certain risks related to commercial relationships with the U.S. government and its agencies. Under the terms of these agreements, it is possible for demand and build rates to fluctuate or for the U.S. government to terminate existing contracts. 
 
 Customers 
 During fiscal 2023, SIFCO had one direct customer that accounted for 12 of consolidated net sales; and 32 of the Company's consolidated net sales were from three customers and their direct subcontractors, which individually accounted for 12 , 10 and 10 of net sales, respectively. SIFCO believes that the loss of sales to such customers would result in a material adverse impact on the business. However, SIFCO has maintained a business relationship with these customers for many years and is currently conducting business with them under multi-year agreements. Although there is no assurance that these relationships will continue, as one or more major customers have reduced their purchases, SIFCO has generally been successful in gaining new business, thereby avoiding a material adverse impact on the Company. SIFCO relies on its ability to adapt its services and operations to changing requirements of the market in general and its customers in particular. No material part of SIFCO s business is seasonal. For additional financial information about geographic areas, refer to Note 12, Business Information . 
 
 Backlog of Orders 
 SIFCO s total backlog as of September 30, 2023 increased to 120.1 million, co mpared with 81.9 million as of September 30, 2022. Orders for delivery scheduled in the upcoming fiscal year 2024 increased to 89.6 m illion compared with 65.5 million scheduled in fiscal 2023. Orders may be subject to modification or cancellation by the customer with limited charges. The increase in total backlog as of September 30, 2023 compared with the previous year is primarily due to tim ing of annual awards, SIFCO's customers adjusting orders due to recovery within the commercial airline industry, new content awarded, and extended raw material lead times. Backlog information may not be indic ative of future sales. 
 
 C. Regulatory Matters 
 The Company is subject to a number of domestic and foreign regulations relating to our operations worldwide and is required to comply with various environmental, health, and employee safety laws and regulations. The Company believes that it is in compliance with these laws and regulations. Historically, compliance with such laws and regulations have not had, and are not presently expected to have a material effect on capital expenditures, earnings or competitive position of the Company or its subsidiaries under existing regulations and interpretations. Nevertheless, the Company cannot guarantee that, in the future, it will not incur additional costs for compliance or that such costs will not be material. 
 
 D. Human Capital Management 
 SIFCO employed approximat ely 348 f ul l-time employees at the beginning of fiscal 2023, which increased to ap proximatel y 368 employees at the end of fiscal 2023. 
 
 The Company s employees include full-time, part-time, and temporary employees. Approximately 68 of our employees were located within the U.S. and 32 of our employees were located in Italy. Approximately 61 of our workforce within the U.S. is composed of skilled and unskilled labor, and the remaining population includes management, corporate, administrative and support staff. 
 
 The Company is a party to collective bargaining agreements (""CBA"") with certain employees within the Cleveland location. The Company ratified its CBA with one such bargaining unit in December 2019 and ratified its CBA with the second bargaining unit in December 2021. The Maniago location is party to the National Collective Agreement in Metalworking, which renewed in February 2021. 
 
 The skills, experience and industry knowledge of our employees significantly benefit our operations and performance. There are several ways in which we attract, develop, and retain highly qualified talent and measure the ongoing effectiveness of our human capital management practices, including by making the safety and health of our employees a top priority. The Company is focused on ensuring the health of our employees through the implementation of standards, controls, and inspections to help ensure that our operations and premises comply with national and local regulations. In addition, the Company conducts annual employee development reviews, identifies growth opportunities, which include employee rotations, promotes value-based recognition programs and engages employees in continuous improvement activities. 
 6 

Table of Contents 

E. Non-U.S. Operations 
 The Company's products are distributed in the U.S. as well as non-U.S. markets. 
 
 Financial information about the Company's U.S. and non-U.S. operations is set forth in Note 12, Business Information, of the consolidated financial statements. 
 
 F. Available Information 
 The Company files annual, quarterly, and current reports, proxy statements, and other documents with the SEC under the Securities Exchange Act of 1934, as amended. The SEC maintains an Internet website that contains reports, proxy and information statements, and other information regarding issuers that file electronically with the SEC. The public can obtain any documents that are filed by the Company at http://www.sec.gov. 
 
 In addition, our annual reports on Form 10-K, as well as our quarterly reports on Form 10-Q, current reports on Form 8-K and any amendments to all of the foregoing reports, are made available free of charge on or through the Investor Relations section of our website at www.sifco.com as soon as reasonably practicable after such reports are electronically filed with or furnished to the SEC. 
 
 Information relating to our corporate governance at SIFCO, including the Audit Committee, Corporate Governance and Nominating Committee and Compensation Committee Charters, as well as the Corporate Governance Guidelines and Policies and the Code of Conduct Ethics adopted by our Board of Directors, is available free of charge on or through the Investor Relations section of our website at www.sifco.com . References to our website or the SEC s website do not constitute incorporation by reference of the information contained on such websites, and such information is not part of this Form 10-K. 

Item 1A. Risk Factors 
 Set forth below are material risks and uncertainties that could negatively affect our business and financial condition and could cause our actual results to differ materially from those expressed in forward-looking statements contained in this report. Additional risks and uncertainties not presently known to us or that we currently deem immaterial also may impair our business operations and financial condition. 
 
 Risks Related to Our Business and Operations 
 We are subject to the cyclical nature of the A E industries and the continuing or further downturn in these industries could adversely impact the demand for our products. 
 The commerc ial aerospace industry is historically driven by the demand from commercial airlines for new aircraft. Demand for commercial aircraft is influenced by airline industry profitability, trends in airline passenger traffic, the state of U.S. and world economies, the ability of aircraft purchasers to obtain required financing and numerous other factors including the effects of terrorism, health and safety concerns and environmental constraints imposed upon aircraft operators. Residual negative impacts of the COVID-19 pandemic on the commercial aerospace industry may continue for a prolonged period of time. We continue to experience changes in demand from our customers in this market and a reduction in demand for commercial aircraft will adversely impact our net sales and operating results. 
 
 There is risk that the industry reintroduces mitigation strategies in response to residual impacts from COVID-19, which could include reduced capacity and shifting route patterns. Furthermore, airlines may experience reduced demand due to reluctance by the flying public to travel due to travel restrictions and/or social distancing requirements. The residual impacts from the COVID-19 pandemic also has increased uncertainty with respect to global trade volumes, which could put negative pressure on cargo traffic levels. Any of these factors would have a significant impact on the demand within the commercial aerospace industry. In addition, a lengthy period of reduced industry-wide demand for commercial aircraft could put additional pressure on our suppliers, resulting in increased procurement costs and/or additional supply chain disruption. To the extent that the COVID-19 pandemic or its aftermath further impacts demand for our products and services or impairs the viability of some of our customers and/or suppliers, our financial condition, results of operations, and cash flows could be adversely affected, and those impacts could be material. 
 
 The military aerospace cycle is highly dependent on U.S. and foreign government funding; as well as the effects of terrorism, a changing global political environment, U.S. foreign policy, the retirement of older aircraft and technological improvements to new engines. Accordingly, the timing, duration and severity of cyclical upturns and downturns cannot be forecast with certainty. Downturns or reductions in demand could have a material adverse effect on our business. 
 
 7 

Table of Contents 

The energy industry is also cyclical in nature. Demand for our new and spare components in this industry is, in turn, driven by the global demand for energy, which is affected by, among other factors, the state of the world economies, the political environments of numerous countries and environmental constraints. The availability of alternative energy to oil and gas, and related prices, also have a large impact on demand. Reductions in demand for products in this market could have a material adverse effect on our business. 
 
 Cyclical declines or sustained weakness in these markets could have a material adverse effect on our business. 
 
 Government spending priorities and terms may change in a manner adverse to our business. 
 At times, our supplying of products to the U.S. military has been adversely affected by significant changes in U.S. defense and national security budgets. Budget changes that result in a decline in overall spending, program delays, program cancellations or a slowing of new program starts on programs in which we participate could materially adversely affect our business, prospects, financial condition or results of operations. Future levels of expenditures and authorizations for defense-related programs by the U.S. government may decrease, remain constant or shift to programs in areas where we do not currently provide products, thereby reducing the chances that we will be awarded new contracts. 
 
 SIFCO has contracts for programs where the period of performance may exceed one year. Congress and certain foreign governments must usually approve funds for a given program each fiscal year and may significantly reduce funding of a program in a particular year. Significant reductions in these appropriations or the amount of new defense contracts awarded may affect our ability to complete contracts, obtain new work and grow our business. At times when there are perceived threats to national security, U.S. defense spending can increase; at other times, defense spending can decrease. Future levels of defense spending are uncertain and subject to congressional debate. Any reduction in future U.S. defense spending levels could adversely impact our sales, operating profit and cash flow. 
 
 Furthermore, business conducted pursuant to U.S. government contracts is subject to extensive procurement regulations and other unique risks. New procurement regulations, or changes to existing requirements, could increase compliance costs or otherwise have a material impact on the operating margins of the portion of our business derived from contracts with the U.S. government. The U.S. government contracting party may modify, curtail, or terminate its contracts and subcontracts with the company without prior notice either at its convenience or for default based on performance, and funding pursuant to our U.S. government contracts may be reduced or withheld as a part of the appropriations process due to fiscal constraints or due to changes in foreign or domestic policy strategy. 
 
 Failure to retain existing contracts or win new contracts under competitive bidding processes may adversely affect our sales. 
 SIFCO obtains most of its contracts through a competitive bidding process, and substantially all of the business that we expect to seek in the foreseeable future likely will be subject to a competitive bidding process. Competitive bidding presents a number of risks, including: 
 
 a. the need to compete against companies or teams of companies with more financial and marketing resources and more experience in bidding on and performing major contracts than we have; 
 b. the need to compete against companies or teams of companies that may be long-term, entrenched incumbents for a particular contract for which we are competing and that have, as a result, greater domain expertise and better customer relations; 
 c. the need to compete to retain existing contracts that have in the past been awarded to us on a sole-source basis or that have been incumbent for a long time; 
 d. the award of contracts to providers offering solutions at the lowest price technically acceptable, which may lower the profit we may generate under a contract awarded using this pricing method or prevent us from submitting a bid for such work due to us deeming such work to be unprofitable; 
 e. the reduction of margins achievable under any contracts awarded to us; 
 f. the need to bid on some programs in advance of the completion of their specifications, which may result in unforeseen technological difficulties or increased costs that lower our profitability; 
 g. the substantial cost and managerial time and effort, including design, development and marketing activities, necessary to prepare bids and proposals for contracts that may not be awarded to us; 
 h. the need to develop, introduce and implement new and enhanced solutions to our customers needs; 
 i. the need to locate and contract with teaming partners and subcontractors; 
 j. the need to accurately estimate the resources and cost structure that will be required to perform any contract that we are awarded; and 
 k. long term agreements - changes in our cost profile over the life of a long-term agreement. 
 
 8 

Table of Contents 

If SIFCO wins a contract, and upon expiration, the customer requires further services of the type provided by the contract, there is frequently a competitive rebidding process. There can be no assurance that we will win any particular bid, that we will win the contract at the same profit margin, or that we will be able to replace business lost upon expiration or completion of a contract. 
 
 If SIFCO is unable to consistently retain existing contracts or win new contract awards, our business, prospects, financial condition and results of operations may be adversely affected. 
 
 The Company may not receive the full amounts estimated under the contracts in our total backlog, which could reduce our sales in future periods below the levels anticipated, and which makes backlog an uncertain indicator of future operating results. 
 As of September 30, 2023, our total backlog w as 120.1 millio n. Orders may be canceled and scope adjustments may occur, and we may not realize the full amounts of sales that we anticipate in our backlog numbers. Further, there is no assurance that our customers will purchase all the orders represented in our backlog, due in part to the U.S. government s ability to modify, curtail or terminate major programs. Additionally, the timing of receipt of orders, if any, on contracts included in our backlog could change. The failure to realize amounts reflected in our backlog could materially adversely affect our business, financial condition and results of operations in future periods. 
 
 SIFCO business is dependent on a few number of direct and indirect customers. 
 A substantial portion of SIFCO's business is conducted with a relatively small number of large direct and indirect customers. In fiscal 2023, one direct customer accounted for approximately 12 percent of our consolidated net sales and three direct customers and their direct subcontractors accounted for approximately 32 of the Company s consolidated net sales. A financial hardship experienced by any one of these key customers, the loss of any of them or a reduction in or substantial delay of orders from any of them could have a material adverse effect on our business. 
 
 The Company's failure to identify, attract and retain qualified personnel could adversely affect our existing business, financial condition and results of operations. 
 SIFCO may not be able to identify, attract or retain qualified technical personnel, sales and customer service personnel, employees with expertise in forging, or management personnel to supervise such activities. We may also not attract and retain employees who share the Company's core values, who can maintain and grow our existing business, and who are suited to work in a public company environment, which could adversely affect our financial condition and results of operations. 
 
 The Company's business could be negatively affected by cybersecurity threats, information systems interruptions, intrusions or new software implementations and other disruptions. 
 SIFCO faces cyber threats, as well as the potential for business disruptions associated with information technology failures and interruptions, new software implementation, and damaging weather or other acts of nature, and pandemics or other public health crises, which may adversely affect our business. 
 
 Although we continue to review and enhance our systems and cybersecurity controls, SIFCO has experienced and expects to continue to experience cybersecurity threats, including threats to our information technology infrastructure and attempts to gain access to the Company s sensitive information, as do our customers, suppliers and subcontractors. Although we maintain information security policies and procedures to prevent, detect, and mitigate these threats, information system disruptions, equipment failures or cybersecurity attacks, such as unauthorized access, malicious software and other intrusions, could still occur and may lead to potential data corruption, exposure of proprietary and confidential information. Further, while SIFCO works cooperatively with its customers, suppliers and subcontractors to seek to minimize the impacts of cyber threats, other security threats or business disruptions, in addition to our internal processes, procedures and systems, it must also rely on the safeguards put in place by those entities. 
 
 Any intrusion, disruption, breach or similar event may cause operational stoppages, fines, penalties, diminished competitive advantages through reputational damages and increased operational costs. The costs related to cyber or other security threats or disruptions may not be fully mitigated by insurance or other means. 
 
 We continue to provide for remote work for certain of our employees, which may increase our vulnerability to cyber and other information technology risks. In addition to existing risks, any adoption or deployment of new technologies via acquisitions or internal initiatives may increase our exposure to risks, breaches, or failures, which could materially adversely affect our results of operations or financial condition. Furthermore, the Company may have access to sensitive, confidential, or personal data or information that may be subject to privacy and security laws, regulations, or other contractually-imposed controls. Despite our use of reasonable and appropriate controls, material security breaches, theft, misplaced, lost or corrupted data, programming, or 
 9 

Table of Contents 

employee errors and/or malfeasance could lead to the compromise or improper use of such sensitive, confidential, or personal data or information, resulting in possible negative consequences, such as fines, ransom demands, penalties, loss of reputation, competitiveness or customers, or other negative consequences resulting in adverse impacts to our results of operations or financial condition. 
 
 SIFCO relies on our suppliers to meet the quality and delivery expectations of our customers. 
 The ability to deliver SIFCO's products on schedule is dependent upon a variety of factors, including execution of internal performance plans, availability of raw materials, internal and supplier produced parts and structures, conversion of raw materials into parts and assemblies, and performance of suppliers and others. We rely on numerous third-party suppliers for raw materials and a large proportion of the components used in our production process. Certain of these raw materials and components are available only from single sources or a limited number of suppliers, or similarly, customers specifications may require SIFCO to obtain raw materials and/or components from a single source or certain suppliers. Many of our suppliers are small companies with limited financial resources and manufacturing capabilities. We do not currently have the ability to manufacture these components ourselves. Consequently, we risk disruptions in our supply of key products and components if our suppliers fail or are unable to perform because of shortages in raw materials, operational problems, strikes, natural disasters, health crises or other factors. We have and may continue to experience delays in the delivery of such products as a result of increased demands and pressures on the supply chain, customs, labor issues, geopolitical pressures, disruptions associated with changes in political, economic, and social conditions, weather, laws and regulations. Unfavorable fluctuations in price, international trade policies, quality, delivery, and availability of these products could continue to adversely affect the Company's ability to meet demands of customers and cause negative impacts to the Company's cost structure, profitability and its cash flow. If we were unsuccessful in obtaining those products from other sources or at comparable cost, a disruption in our supply chain could adversely affect our sales, earnings, financial condition, and liquidity. 
 
 We may have disputes with our vendors arising from, among other things, the quality of products and services or customer concerns about the vendor. If any of our vendors fail to timely meet their contractual obligations or have regulatory compliance or other problems, our ability to fulfill our obligations may be jeopardized. Economic downturns can adversely affect a vendor s ability to manufacture or deliver products. Further, vendors may also be enjoined from manufacturing and distributing products to us as a result of litigation filed by third parties, including intellectual property litigation. If SIFCO were to experience difficulty in obtaining certain products, there could be an adverse effect on its results of operations and on its customer relationships and our reputation. Additionally, our key vendors could also increase pricing of their products, which could negatively affect our ability to win contracts by offering competitive prices. 
 
 Any material supply disruptions could adversely affect our ability to perform our obligations under our contracts and could result in cancellation of contracts or purchase orders, penalties, delays in realizing revenues, and payment delays, as well as adversely affect our ongoing product cost structure. 
 
 Failure to perform by our subcontractors could materially and adversely affect our contract performance and its ability to obtain future business. 
 The performance of contracts often involves subcontractors, upon which we rely to complete delivery of products to our customers. SIFCO may have disputes with subcontractors. A failure by a subcontractor to satisfactorily deliver products can adversely affect our ability to perform our obligations as a prime contractor. Any subcontractor performance deficiencies could result in the customer terminating our contract for default, which could expose us to liability for excess costs of re-procurement by the customer and have a material adverse effect on our ability to compete for other contracts. 
 
 The Company's future success depends on the ability to meet the needs of its customer requirements in a timely manner. 
 The Company believes that the commercial A E markets in which we operate require sophisticated manufacturing and system-integration techniques and capabilities using composite and metallic materials. The Company s success depends to a significant extent on our ability to acquire, develop, execute and maintain such sophisticated techniques and capabilities to meet the needs of our customers and to bring those products to market quickly and at cost-effective prices. If we are unable to acquire and/or develop, execute and maintain such techniques and capabilities, we may experience an adverse effect to our business, financial condition or results of operation. 
 
 The Company faces certain significant risk exposures and potential liabilities that may not be covered adequately by insurance or indemnity. 
 We are exposed to liabilities that are unique to the products we provide. While we maintain insurance for certain risks, the amount of insurance or indemnity may not be adequate to cover all claims or liabilities, and we may be forced to bear substantial costs from an accident or incident. It also is not possible for SIFCO to obtain insurance to protect against all operational risks and liabilities. Substantial claims resulting from an incident in excess of the indemnification we receive and 
 10 

Table of Contents 

our insurance coverage would harm our financial condition, results of operations and cash flows. Moreover, any accident or incident for which we are liable, even if fully insured, could negatively affect our standing with our customers and the public, thereby making it more difficult for us to compete effectively, and could significantly impact the cost and availability of adequate insurance in the future. 
 
 The Company's business is subject to risks associated with international operations. 
 SIFCO has operations in Maniago, Italy and operates internationally. A number of risks inherent in international operations could have a material adverse effect on our results of operations, including: 
 
 a. fluctuations in U.S. dollar value arising from transactions denominated in foreign currencies and the translation of certain foreign currency subsidiary balances; 
 b. difficulties in staffing and managing multi-national operations; 
 c. general economic and political uncertainties and potential for social unrest in countries in which we or our customers operate; 
 d. other deterioration of economic conditions, including the effect of inflation on our customers and suppliers; 
 e. limitations on our ability to enforce legal rights and remedies; 
 f. restrictions on the repatriation of funds; 
 g. changes in trade policies, laws, regulations, political leadership and environment, and/or security risks; 
 h. tariff regulations; 
 i. difficulties in obtaining export and import licenses and compliance with export/import controls and regulations; 
 j. the risk of government financed competition; 
 k. compliance with a variety of international laws as well as U.S. regulations, rules and practices affecting the activities of companies abroad; and 
 l. difficulties in managing and staffing international operations and the required infrastructure costs, including legal, tax, accounting, and information technology. 
 
 We operate in a highly competitive and price sensitive industry, and customer pricing pressures could reduce the demand and/or price for our products and services. 
 The end-user markets SIFCO serves are highly competitive and price sensitive. We compete globally with a number of domestic and international companies that have substantially greater manufacturing, purchasing, marketing and financial resources than we do. Many of SIFCO's customers have the in-house capability to fulfill their manufacturing requirements. SIFCO's larger competitors may be able to vie more effectively for very large-scale contracts than we can by providing different or greater capabilities or benefits such as technical qualifications, past performance on large-scale contracts, geographic presence, price and availability of key professional personnel. If SIFCO is unable to successfully compete for new business, our net sales growth and operating margins may decline. Competitive pricing pressures may have an adverse effect on our financial condition and operating results. Further, there can be no assurance that competition from existing or potential competitors will not have a material adverse effect on our financial results. If SIFCO does not continue to compete effectively and win contracts, our future business, financial condition, results of operations and our ability to meet its financial obligations may be materially compromised. 
 
 The Company uses estimates when pricing contracts and any changes in such estimates could have an adverse effect on our profitability and our overall financial performance. 
 When agreeing to contractual terms, some of which extend for multiple years, SIFCO makes assumptions and projections about future conditions and events. These projections assess the productivity and availability of labor, complexity of the work to be performed, cost and availability of materials, impact of delayed performance and timing of product deliveries. Contract pricing requires judgment relative to assessing risks, estimating contract revenues and costs, and making assumptions for schedule and technical issues. Due to the size and nature of many of our contracts, the estimation of total revenues and costs at completion is complicated and subject to many variables. For example, assumptions are made regarding the length of time to complete a contract since costs also include expected increases in wages, prices for materials and allocated fixed costs. Similarly, assumptions are made regarding the future impact of our efficiency initiatives and cost reduction efforts. Incentives, awards or penalties related to performance on contracts are considered in estimating revenue and profit rates and are recorded when there is sufficient information to assess anticipated performance. Suppliers' assertions are also assessed and considered in estimating costs and profit rates. 
 
 Because of the significance of the judgment and estimation processes described above, it is possible that materially different amounts could be obtained if different assumptions were used or if the underlying circumstances were to change. Changes in underlying assumptions, circumstances or estimates may have a material adverse effect upon the profitability of one or more of the affected contracts, future period financial reporting and performance, as pass through pricing is not always permissible. 
 11 

Table of Contents 

Our technologies could become obsolete, reducing our revenues and profitability. 
 Technologies related to our products have undergone, and in the future may undergo, significant changes and the future of our business will depend in large part upon the continuing relevance of our forging capabilities. SIFCO could encounter competition from new or revised technologies that render its technologies and equipment less profitable or obsolete in our chosen markets and our operating results may suffer. 
 
 If the Company fails to maintain an effective system of internal control over financial reporting, it may not be able to accurately or timely report its financial results. As a result, current and potential shareholders could lose confidence in the Company's financial reporting, which would harm the business and the trading price of its common stock. 
 The Sarbanes-Oxley Act, among other things, requires that we maintain effective internal controls for financial reporting and disclosure controls and procedures. In particular, we must perform system and process evaluations and testing of our internal controls over financial reporting to allow management to report on the effectiveness of our internal controls over financial reporting, as required by Section 404 of the Sarbanes-Oxley Act. Compliance with Section 404 may require that we incur substantial accounting expenses and expend significant management efforts. Our testing has, as described below, and in the future may reveal deficiencies in our internal controls over financial reporting that are deemed to be material weaknesses. In the event we identify significant deficiencies or material weaknesses in our internal controls that we cannot remediate in a timely manner, the market price of our stock could decline if investors and others lose confidence in the reliability of our financial statements and we could be subject to sanctions or investigations by the SEC or other applicable regulatory authorities. 
 
 As further described in Item 9A in our Annual Report on Form 10-K, for the fiscal year ended September 30, 2023, management determined that SIFCO s internal control over financial reporting and its disclosure controls and procedures were not effective. Management identified deficiencies in its oversight and backup and recovery controls that represent a material weakness in internal control over financial reporting. Until remediated, this material weakness could result in a material misstatement to the annual or interim consolidated financial statements that would not be prevented or detected on a timely basis. As with any internal control deficiency, there can be no assurance that our remedial measures will be successful or otherwise sufficient to address the material weakness. If the Company is unable to remediate the material weakness, or is otherwise unable to maintain effective internal control over financial reporting or disclosure controls and procedures, or if additional material weaknesses or significant deficiencies in our internal control over financial reporting are discovered or occur in the future, the Company s ability to record, process and report financial information accurately, and to prepare financial statements within required time periods, could be adversely affected, which could subject the Company to litigation or investigations requiring management resources and payment of legal and other expenses, including civil penalties, negatively affect investor confidence in our financial statements and adversely impact our stock price. 
 
 Labor disruptions by our employees or personnel turnover and/or shortage could adversely affect our business. 
 As of September 30, 2023, we employed approximately 378 pe ople. We face competition for management and employees from other companies and organizations. If we continue to experience turnover and/or are unable to quickly hire employees and subsequently retain our workforce, or we experience a significant or prolonged work stoppage in such an environment, we may experience increased costs, such as increased overtime to meet demand and increased wage rates to attract and retain employees, and our ability to secure new work and our results of operations and financial condition could be adversely affected. Additionally, two of our locations are parties to collective bargaining agreements. Although we have not experienced any material labor-related work stoppage and consider our relations with our employees to be good, labor stoppages may occur in the future. If the unionized workers were to engage in a strike or other work stoppage, or if SIFCO is unable to negotiate acceptable collective bargaining agreements with the unions, or if other employees were to become unionized, we could experience a significant disruption of our operations, higher ongoing labor costs and possible loss of customer contracts, which could have an adverse effect on our business and results of operations. 
 
 The price and availability of oil and other energy sources worldwide could adversely impact our results of operations. Unexpected pricing of fuel or a shortage of, or disruption in, the supply of fuel or other energy sources could have a material adverse effect on our and our customers' business, results of operations and financial condition. 
 Our results of operations can be directly affected, positively and negatively, by volatility in the cost and availability of energy, which is subject to global supply and demand and other factors beyond our control. The ongoing conflict between Russia and Ukraine has impacted global energy markets, particularly in Europe, leading to high volatility and increasing prices for crude oil, natural gas and other energy supplies. Our customers' businesses are significantly impacted by the availability and pricing of fuel. Weather-related events, natural disasters, terrorism, wars, political disruption or instability involving oil-producing countries, changes in governmental or cartel policy concerning crude oil or aircraft fuel production, labor strikes, cyberattacks or other events affecting refinery production, transportation, taxes, marketing, environmental concerns, market manipulation, price speculation and other unpredictable events may drive actual or perceived fuel supply shortages. In particular, the recent 
 12 

Table of Contents 

conflict between Russia and Ukraine has caused shortages in the availability of fuel. In the event that the supply of natural gas from Russia stops or is significantly reduced, there may be supply disruptions, increased prices, shutdowns of manufacturing facilities, or further rationing of energy supply within countries where we and/or our customers do business, which could have a material adverse impact on our and our customers' business or results of operations in those countries. 
 
 Risks Related to Financial Matters 
 A decline in operating results or access to financing may have an adverse impact on our liquidity position. 
 Our ability to make required payments of principal and interest on our debt will depend in part on our future performance, which, to a certain extent, is subject to general economic, financial, competitive, political and other factors, some of which are beyond our control. Accordingly, conditions could arise that could limit our ability to generate sufficient cash flows or to access borrowings to enable us to fund our liquidity needs, which could further limit our financial flexibility or impair our ability to obtain alternative financing sufficient to repay our debt at maturity. We believe that our cash on hand, together with funds generated by our operations and borrowings under our existing credit facilities, will provide us with sufficient liquidity and capital resources to meet our operating needs for the foreseeable future. Significant assumptions underlie this belief however, including, among other things, assumptions relating to future sales volumes, the successful implementation of our business strategies and that there will be no material adverse developments in our competitive market position, business, liquidity or capital requirements. In the event that we do not have sufficient liquidity, we may be required to seek additional capital, reduce or cut back our operating activities, capital expenditures or otherwise alter our business strategy. If we obtain additional capital by issuing equity, the interests of our existing stockholders will be diluted. If we incur additional debt, the agreements governing that debt may contain significant financial and other covenants that may materially restrict our operations. The Company may not be able to obtain refinancing or additional financing on favorable terms or at all. 
 
 The Company has identified certain risks related to the Company's ability to continue as a going concern. See Note 1, Going Concern for further information. 
 
 Our indebtedness and restrictive covenants under our credit facilities could limit our operational and financial flexibility. 
 We have incurred indebtedness, and may incur additional debt in the future. Our ability to make interest and scheduled principal payments and operate within restrictive covenants could be adversely impacted by changes in the availability, terms and cost of capital, changes in interest rates or changes in our credit ratings or our outlook. These changes could increase our cost of business, limiting our ability to pursue acquisition opportunities, react to market conditions and meet operational and capital needs, thereby placing us at a competitive disadvantage. 
 
 Global economic conditions may adversely impact our business, operating results or financial condition. 
 Disruption and volatility in global financial markets may lead to increased rates of default and bankruptcy and may negatively impact consumer and business spending levels. Current or potential customers may delay or decrease spending on our products and services as their business and/or budgets are impacted by economic conditions. The inability of current and potential customers to pay SIFCO for its products and services may adversely affect its earnings and cash flows. 
 
 Further, we are exposed to fluctuations in inflation, which could negatively affect our business, financial condition and results of operation. The United States and other jurisdictions have recently experienced high levels of inflation. If the inflation rate continues to increase, it will likely affect our expenses, including, but not limited to, employee compensation and labor expenses and increased costs for supplies, and we may not be successful in offsetting such cost increases. 
 
 We cannot predict changes in worldwide or regional economic conditions and government policies, as such conditions are highly volatile and beyond our control. If these conditions deteriorate for extended periods, however, our business, results of operations and financial condition could be materially adversely affected. 
 
 The funding and costs associated with our pension plans and significant changes in key estimates and assumptions, such as discount rates and assumed long-term returns on assets, actual investment returns on our pension plan assets, and legislative and regulatory actions could affect our earnings, equity and contributions to our pension plans in future periods. 
 Certain of the Company's employees are covered by its noncontributory defined benefit pension plans Plans ). The impact of these Plans on our earnings may be volatile in that the amount of expense we record and may materially change from year to year because those calculations are sensitive to changes in several key economic assumptions, including discount rates, inflation, expected return on plan assets, retirement rates and mortality rates. These pension costs are dependent on significant judgment in the use of various estimates and assumptions, particularly with respect to the discount rate and expected long-term rates of return on plan assets. Changes to these estimates and assumptions could have a material adverse effect on our financial position, results of operations or cash flows. Differences between actual investment returns and our assumed long-term returns 
 13 

Table of Contents 

on assets will result in changes in future pension expense and the funded status of our Plans, and could increase future funding of the Plans. Changes in these factors affect our plan funding, cash flows, earnings, and shareholders equity. Additionally, the Company contributed to a multi-employer retirement plan. While the Company withdrew from this plan to mitigate future costs, the Company may be subject to liability in connection with such withdrawal (see Note 8, Retirement Benefit Plans ). 
 
 Market volatility and adverse capital or credit market conditions may affect our ability to access cost-effective sources of funding and may expose SIFCO to risks associated with the financial viability of suppliers. 
 The financial markets can experience high levels of volatility and disruption, reducing the availability of credit for certain issuers and the financial markets have undergone significant volatility in reaction to various macroeconomic factors. 
 
 The tightening of the credit market and standards, as well as capital market volatility, could negatively impact our ability to obtain additional debt financing on terms equivalent to our existing Credit Agreement. Capital market uncertainty and volatility, together with the Company s market capitalization and status as a smaller reporting company, could also negatively impact our ability to obtain capital market financing or bank financing on favorable terms, or at all, which could have a material adverse effect on our financial position, results of operations or cash flows. 
 
 Tightening credit markets could also adversely affect our suppliers' ability to obtain financing. Delays in suppliers' ability to obtain financing, or the unavailability of financing, could negatively affect their ability to perform their contracts with SIFCO and cause our inability to meet our contract obligations. The inability of our suppliers to obtain financing could also result in the need for us to transition to alternate suppliers, which could result in significant incremental costs and delays. 
 
 A write-off of all or part of our goodwill or other intangible assets could adversely affect our operating results and net worth. 
 Goodwill and other intangible assets are a component of our assets. At Septem ber 30, 2023, goodwill was 3.5 million and other intangible assets were 0.3 million of our total assets of 96.5 million. We may have to write off all or part of our goodwill or other intangible assets if their value becomes impaired. Although this write-off would be a non-cash charge, it could reduce our earnings and our financial condition. 
 
 General Risks 
 Our business is subject to risks associated with widespread public health crises. 
 We have continued to see a prolonged residual impact of the COVID-19 pandemic on the economy, our industry, and our business, with increased challenges for customers, labor shortages, supply chain disruptions, and increasing inflation, among others. 
 
 The pandemic has affected and is expected to continue to affect certain elements of our operations and business. As a result, we have been operating in industries which continue to be impacted by the COVID-19 pandemic. As a result of the residual impacts of the pandemic, we may in the future experience, production site shutdowns, and workplace disruptions and restrictions on the movement of people, raw materials and goods, both at our own facilities and at the facilities operated by our customers and suppliers. Further or a more prolonged suspension of operations or delayed recovery in our operations, and/or any similar suspension of operations or delayed recovery at one or more of our key suppliers, or the failure of any of our key suppliers, would result in further challenges to our business, leading to a further material adverse effect on our business, financial condition, results of operations, and cash flows. 
 
 We expect to continue to experience unpredictable changes in demand from the markets we serve. The A E industries continue to be negatively impacted by the residual impacts of the COVID-19 pandemic and its effects as a result of various restrictions on air travel, supply chain disruptions and labor shortages. These factors have caused reductions in demand for commercial aircraft, which have adversely impacted our net sales and operating results and may continue to do so for an extended period of time. Further, an overall reduction in business activity as a result of the disruption previously led to a softening of the energy market. If the residual impact of the pandemic continues and/or conditions worsen, we may experience additional adverse impacts on our operations, costs, customer orders, and collections of accounts receivable, which may be material. While we are unable to predict the magnitude of the impact of these factors at this time, the loss of, or significant reduction in, purchases by our large customers could have a material adverse effect on our business, financial condition, and results of operations. 
 
 Additionally, the residual impacts of the pandemic could lead to an extended disruption of economic activity whereby the impact on our consolidated results of operations, financial position and cash flows could be material. While the potential economic impact brought by and the duration of the residual impacts of the coronavirus outbreak may be difficult to assess or predict, the resurgence of a widespread pandemic could result in significant or sustained disruption of global financial markets, reducing our ability to access capital, which could in the future negatively affect our liquidity. While the Company believes it 
 14 

Table of Contents 

has adequate cash/liquidity available to finance its operations, our ability to make scheduled payments of the principal of, to pay interest on or to refinance our indebtedness, depends on our future performance, which is subject to general economic, financial, competitive and other factors (including the continued residual impact of COVID-19) beyond our control. In addition, while we believe we have taken appropriate steps to maintain a safe workplace to protect our employees from contracting and spreading the coronavirus, we may not be able to prevent the spread of the virus among our employees, face litigation or other proceedings making claims related to unsafe working conditions, inadequate protection of our employees or other claims. Any of these claims, even if without merit, could result in costly litigation or divert management's attention and resources. Furthermore, we may face a sustained disruption to our operations due to one or more of the factors described above. 
 
 The price of our common stock may fluctuate significantly. 
 An active, liquid and orderly market for our common stock may not be sustained, which could depress the trading price of our common stock. 
 
 Volatility in the market price of our common stock may prevent you from being able to sell your shares at or above the price you paid for your shares or at all. The market price of our common stock could fluctuate significantly for various reasons, which include: 
 a. our quarterly or annual earnings or those of our competitors or our significant customers; 
 b. the public s reaction to our press releases, our other public announcements and our filings with the Securities and Exchange Commission; 
 c. changes in earnings estimates or recommendations by research analysts who track the stocks of our competitors; 
 d. new laws or regulations or new interpretations of laws or regulations applicable to our business; 
 e. changes in accounting standards, policies, guidance, interpretations or principles; 
 f. changes in general conditions in the domestic and global economies or financial markets, including those resulting from war, incidents of terrorism, health crises or responses to such events; 
 g. litigation involving our company or investigations or audits by regulators into the operations of our company or our competitors; 
 h. strategic action by our competitors; 
 i. sales of common stock by our directors, executive officers and significant shareholders; and 
 j. our stock being closely held by insider holdings and is thinly traded which impacts price volatility. 
 
 In addition, the stock market in general has experienced extreme price and volume fluctuations that have often been unrelated or disproportionate to the operating performance of those companies. Broad market and industry factors may significantly affect the market price of our common stock, regardless of actual operating performance. In addition, in the past, following periods of volatility in the overall market and the market price of a particular company s securities, securities class action litigation has often been instituted against these companies. If litigation is instituted against us, it could result in substantial costs and a diversion of our management s attention and resources. 
 
 Unanticipated changes in our tax provisions or exposure to additional income tax liabilities could affect our profitability and cash flow. 
 SIFCO is subject to income taxes in the United States, Italy and Ireland. Significant judgment is required in determining our provision for income taxes. In the ordinary course of business, there are many transactions and calculations where the ultimate tax determination is uncertain. Changes in applicable income tax laws and regulations, or their interpretation, could result in higher or lower income tax rates or changes in the taxability of certain sales or the deductibility of certain expenses, thereby affecting our income tax expense and profitability. In addition, the final results of any tax audits or related litigation could be materially different from our related historical income tax provisions and accruals. Additionally, changes in our tax rate as a result of changes in our overall profitability, changes in tax legislation, changes in the valuation of deferred tax assets and liabilities, changes in differences between financial reporting income and taxable income, the examination of previously filed tax returns by taxing authorities and continuing assessments of our tax exposures can also impact our tax liabilities and affect our income tax expense, profitability and cash flow. 
 
 Damage or destruction of our facilities caused by storms, earthquakes or other causes could adversely affect our financial results and financial condition. 
 We have operations located in regions of the world that may be exposed to damaging storms, earthquakes and other natural disasters as well as other events outside of our control, such as fires, floods and other catastrophic events. We maintain standard property casualty insurance coverage for our properties and may be able to recover costs associated with certain natural disasters through insurance; however, even if covered by insurance, any significant damage or destruction of our facilities due to such events could result in our inability to meet customer delivery schedules and may result in the loss of customers and 
 15 

Table of Contents 

significant additional costs to SIFCO. Thus, any significant damage or destruction of our properties could have a material adverse effect on our business, financial condition or results of operations. 
 
 The occurrence of litigation where we could be named as a defendant is unpredictable. 
 From time to time, we are involved in various legal and other proceedings that are incidental to the conduct of our business. While we believe no current proceedings, if adversely determined, could have a material adverse effect on our financial results, no assurances can be given. Any such claims may divert financial and management resources that would otherwise be used to benefit our operations and could have a material adverse effect on our financial results. 
 
 Our operations are subject to environmental laws, and complying with those laws may cause us to incur significant costs. 
 Our operations and facilities are subject to numerous stringent environmental laws and regulations. Although we believe that we are in compliance with these laws and regulations, future changes in these laws, regulations or interpretations of them, or changes in the nature of our operations may require us to make significant capital expenditures to ensure compliance.","Item 7. Management s Discussion and Analysis of Financial Condition and Results of Operations 
 SIFCO is engaged in the production of forgings and machined and sub-assembled components primarily for the Aerospace and Defense, Energy and Commercial Space markets. The processes and services include forging, heat-treating, chemical processing and machining. The Company operates under one business segment. 
 
 When planning and evaluating its business operations, the Company takes into consideration certain factors, including the following: (i) the projected build rate for commercial, business and military aircraft, as well as the engines that power such aircraft; (ii) the projected build rate for industrial steam and gas turbine engines; and (iii) the projected maintenance, repair and overhaul schedules for commercial, business and military aircraft, as well as the engines that power such aircraft. 
 
 The Company operates within a cost structure that includes a significant fixed component. Therefore, higher net sales volumes are expected to result in greater operating income because such higher volumes allow the business operations to better leverage the fixed component of their respective cost structures. Conversely, the opposite effect is expected to occur at lower net sales and related production volumes. 

A. Results of Operations 
 Overview 
 The Company produces forged components for (i) turbine engines that power commercial, business and regional aircraft as well as military aircraft and armored military vehicles; (ii) airframe applications for a variety of aircraft; (iii) industrial gas and steam turbine engines for power generation units; and (iv) other commercial applications. 
 
 Cybersecurity Incident 
 As reported on Forms 8-K filed January 6, 2023 and February 10, 2023, the Company became aware of unauthorized access to the Company's systems on December 30, 2022. The Company s domestic operations were impacted by this Cybersecurity Incident which resulted in production delays and delayed shipments due to information access limitations. The Company initiated response protocols and an investigation, engaging cyber security experts to assist with the assessment of the incident and to help determine what data was impacted. The Company has since completed data recovery and restoration from the cyber incident. See Note 11 , Commitments and Contingencies. 
 
 Fiscal Year 2023 Compared with Fiscal Year 2022 
 Net Sales 
 Net sales comparative information for fiscal 2023 and 2022, respectively, is as follows: 
 (Dollars in millions) Years Ended September 30, Year Over Year Increase 
 (Decrease) 
 Net Sales 2023 2022 Aerospace components for: Fixed wing aircraft 40.1 39.5 0.6 Rotorcraft 16.4 15.6 0.8 Energy components for power generation units 23.0 17.4 5.6 Commercial product and other revenue 7.5 11.4 (3.9) Total 87.0 83.9 3.1 
 
 Net sales in fiscal 2023 increased 3.7 , or 3.1 million to 87.0 million, compar ed with 83.9 million in fiscal 2022. The timing of shipments, coupled with increased demand in the steam turbine power generation market, have contributed to the increase in deliveries in fiscal 2023 than in fiscal 2022. Fixed wing aircraft sales increased 0.6 million compared with the same period last year primarily due to F35, 737 and 787 programs. Rotorcraft sales increased 0.8 million in fiscal 2023 compared to the same period in fiscal 2022 primarily due to commercial and Blackhawk programs. The energy components for power generation un its increased 5.6 million compared with the same period last year due to growth in the steam turbine markets. Commercial products and other revenue decreased 3.9 million in fiscal 2023 compared to the same period in fiscal 2022, primarily due to timing of orders related to a munitions program partially offset by an increase in commercial space. 
 
 18 

Table of Contents 

Commercial net sales wer e 55.6 of total net sales and military net sales wer e 44.4 of to tal net sales in fiscal 2023, compared with 47.4 and 52.6 , respectively, in the comparable period in fiscal 2022. Commercial net sales increased 8.6 million to 48.4 million in fiscal 2023, compared to 39.8 million in fiscal 2022 primarily due to growth in the energy components for power generation units (steam turbine markets) and the increase in build rates in the commercial aerospace industry. Military net sales decreased 5.4 million to 38.7 million in fiscal 2023, compared to 44.1 million in fiscal 2022 primarily due to V22 demand reduction and timing of orders related to a munition progra m. 
 
 Cost of Goods Sold 
 Cost of goods sol d (""COGS"") decreased by 6.3 million, or 7.3 , to 79.5 million, or 91.3 of net sales, during fiscal 2023, compared with 85.8 million or 102.2 of net sales in the comparable period of fisc al 2022. The decrease was primarily due to increased volume, ERC benefit of 1.5 million and reduction of net realizable value (""NRV"") reserve of 0.9 million and lower idle expense of 0.9 million . Current year results include 2.1 million of idle expense and 0.9 million benefit associated with NRV compared with prior year costs of 3.1 million and 1.5 million, respectively. 
 
 Gross Profit (Loss) 
 Gross profit increased by 9.4 million, to 7.5 million during fiscal 2023, compared with a loss of 1.9 million in fiscal 2022. Gross margin percent of sales was 8.7 during fiscal 2023, compared with (2.2 in fiscal 2022, primarily due to increased volume, ERC benefit of 1.5 million, reduction of NRV reserve and idle expense, and lower outside processing costs compared with the prior year. 
 
 Selling, General and Administrative Expenses 
 Selling, general and administrative expenses were 14.0 million, or 16.1 of net sales, during fiscal 2023, compared with 11.9 million, or 14.2 of net sales, in fiscal 2022. The increase in selling, general and administrative expenses is primarily due to incremental IT costs related to the cybersecurity incident of 1.3 million and professional fees primarily related to the ERC credit of 0.4 million partially offset by ERC benefit of 0.2 million. See Note 11 , Commitments and Contingencies for further discussion on cyber incident. 
 
 Amortization of Intangibles 
 Amortization of in tangibles decreased 0.1 million to 0.2 million during fiscal 2023, compared with 0.3 million in the comparable period of fiscal 2022. The decrease was primarily due to certain intangible assets that were fully amortized during fiscal 2023. 
 
 Other/General 
 The Company recorded an operat ing loss of 6.7 million during fiscal 2023, compared with an operating loss of 14.1 million in fiscal 2022. 
 
 Prior year results included a gain on extinguishment of debt related to the PPP loan, that was forgiven by the SBA, for 5.1 million. See Note 5, Debt and Subsequent Event for further discussion. 
 
 Net interest expe nse was 1.3 million in fisca l 2023 compared with 0.6 million in fisca l 2022. The increase was due to higher interest rates and higher average borrowings compared with the prior year. See Note 5, Debt and Subsequent Event for further discussion. 
 
 The following table sets forth the weighted average interest rates and weighted average outstanding balances under the Company s debt agreements in fiscal 2023 and 2022: 
 Weighted Average Interest Rate Years Ended September 30, Weighted Average Outstanding Balance Years Ended September 30, 2023 2022 2023 2022 Revolving credit agreement 6.9 2.6 13.1 million 10.4 million Foreign term debt 4.6 2.8 7.1 million 6.2 million Other debt 1.5 0.7 0.5 million 1.9 million 
 
 The Company believes that inflation did not materially impact its results of operations in either fiscal 2023 or 2022. 
 
 19 

Table of Contents 

Income Taxes 
 The Company s effective tax rate in fiscal 2023 was (1.9 compared with 0.4 in fiscal 2022. The decrease in the effective tax rate in fiscal 2023 is primarily attributable to changes in jurisdictional mix of income in fiscal 2023 compared with the same period in fiscal 2022. The effective tax rate differs from the U.S. federal statutory rate due primarily to the valuation allowance against the Company s U.S. deferred tax assets and income in foreign jurisdictions that are taxed at different rates than the U.S. statutory tax rate. 
 
 Net Loss 
 Net loss wa s 8.7 million during fiscal 2023, compared with 9.6 million in fisca l 2022. The decrease in net loss in the current period was primarily due to increased volume, ERC refund benefit, reduction of NRV reserve and idle expense, lower outside processing costs and stabilized raw material pricing partially offset by cybersecurity incident costs. Prior year results included a 5.1 million gain on debt extinguishment previously noted. 
 
 Non-GAAP Financial Measures 
 Presented below is certain financial information based on the Company's EBITDA and Adjusted EBITDA. References to EBITDA mean earnings (losses) from continuing operations before interest, taxes, depreciation and amortization, and references to Adjusted EBITDA mean EBITDA plus, as applicable for each relevant period, certain adjustments as set forth in the reconciliations of net income to EBITDA and Adjusted EBITDA. 
 
 Neither EBITDA nor Adjusted EBITDA is a measurement of financial performance under generally accepted accounting principles in the United States of America GAAP ). The Company presents EBITDA and Adjusted EBITDA because management believes that they are useful indicators for evaluating operating performance and liquidity, including the Company s ability to incur and service debt and it uses EBITDA to evaluate prospective acquisitions. Although the Company uses EBITDA and Adjusted EBITDA for the reasons noted above, the use of these non-GAAP financial measures as analytical tools has limitations. Therefore, reviewers of the Company s financial information should not consider them in isolation, or as a substitute for analysis of the Company's results of operations as reported in accordance with GAAP. Some of these limitations include: 
 Neither EBITDA nor Adjusted EBITDA reflects the interest expense, or the cash requirements necessary to service interest payments on indebtedness; 
 Although depreciation and amortization are non-cash charges, the assets being depreciated and amortized will often have to be replaced in the future, and neither EBITDA nor Adjusted EBITDA reflects any cash requirements for such replacements; 
 The omission of the amortization expense associated with the Company s intangible assets further limits the usefulness of EBITDA and Adjusted EBITDA; and 
 Neither EBITDA nor Adjusted EBITDA includes the payment of taxes, which is a necessary element of operations. 
 
 Because of these limitations, EBITDA and Adjusted EBITDA should not be considered as measures of discretionary cash available to the Company to invest in the growth of its businesses. Management compensates for these limitations by not viewing EBITDA or Adjusted EBITDA in isolation and specifically by using other GAAP measures, such as net income (loss), net sales, and operating income (loss), to measure operating performance. Neither EBITDA nor Adjusted EBITDA is a measurement of financial performance under GAAP, and neither should be considered as an alternative to net loss or cash flow from operations determined in accordance with GAAP. The Company s calculation of EBITDA and Adjusted EBITDA may not be comparable to the calculation of similarly titled measures reported by other companies. 
 
 20 

Table of Contents 

The following table sets forth a reconciliation of net loss to EBITDA and Adjusted EBITDA: 
 (Dollars in thousands) Years Ended September 30, 2023 2022 Net loss (8,692) (9,640) Adjustments: Depreciation and amortization expense 6,404 6,348 Interest expense, net 1,348 646 Income tax expense (benefit) 159 (43) EBITDA (781) (2,689) Adjustments: Foreign currency exchange loss, net (1) 9 15 Other loss (income), net (2) 275 (149) Loss (gain) on disposal of assets (3) 1 (7) Gain on debt extinguishment (4) (5,106) Equity compensation expense (5) 375 428 Pension settlement/curtailment benefit (6) 108 208 LIFO impact (7) (305) 729 IT incident costs, net (8) 1,275 Strategic alternative expense (9) 86 Adjusted EBITDA 1,043 (6,571) 
 
 (1) Represents the gain or loss from changes in the exchange rates between the functional currency and the foreign currency in which the transaction is denominated. 
 (2) Represents miscellaneous non-operating income or expense, such as pension costs or grant income. 
 (3) Represents the difference between the proceeds from the sale of operating equipment and the carrying value shown on the Company's books. 
 (4) Represents the gain on extinguishment of debt and interest for the amount forgiven by the SBA as it relates to the PPP loan in fiscal 2022. 
 (5) Represents the equity-based compensation expense recognized by the Company under the 2016 Plan due to granting of awards, awards not vesting and/or forfeitures. 
 (6) Represents expense incurred by its defined benefit pension plans related to settlement of pension obligations. 
 (7) Represents the change in the reserve for inventories for which cost is determined using the last-in, first-out LIFO method. 
 (8) Represents incremental information technology costs as it relates to the cybersecurity incident and loss on insurance recovery. 
 (9) Represents expense related to evaluation of strategic alternatives. 
 
 Reference to the above activities can be found in the consolidated financial statements included in"
20240103_10-K_edgar_data_1610718_0001213900-24-000769.txt,97729,24,29,101,"Item 1. 
 Business 
 
 1","Item 1A. 
 Risk Factors 
 
 4","Item 7. 
 Management s Discussion and Analysis of Financial Condition and Results of Operations 
 
 6"
20240104_10-K-A_edgar_data_1839285_0001607062-24-000019.txt,13735,0,0,0,,,
20240104_10-K_edgar_data_1029744_0001437749-24-000616.txt,294754,22,28,100,"Item 1. 
 Business 
 4","Item 1A. 
 Risk Factors 
 10","Item 7. 
 Management s Discussion and Analysis of Financial Condition and Results of Operations 
 32"
20240105_10-K-A_edgar_data_1743745_0001743745-24-000011.txt,458104,20,26,98,"Item 1. Business 
 3","Item 1A. Risk Factors 
 11","Item 7. Management's Discussion and Analysis of Financial Condition and Results of Operations 
 45"
20240105_10-K_edgar_data_1362703_0001493152-24-001515.txt,392309,23,30,102,"Item
 1. 
 Business 
 4","Item
 1A. 
 Risk
 Factors 
 17","Item
 7. 
 Management s
 Discussion and Analysis of Financial Condition and Results of Operations 
 33"
20240105_10-K_edgar_data_1440153_0001096906-24-000019.txt,307024,22,28,100,"Item 1. 
 Business 
 8","Item 1A. 
 Risk Factors 
 21","Item 7. 
 Management s Discussion and Analysis of Financial Condition and Results of Operations 
 43"
20240105_10-K_edgar_data_1582249_0001213900-24-001370.txt,331456,24,30,101,"ITEM 1. 
 BUSINESS 
 
 1","ITEM 1A. 
 RISK FACTORS 
 
 18","ITEM 7. 
 MANAGEMENTS DISCUSSION AND ANALYSIS OF FINANCIAL CONDITION AND RESULTS OF OPERATIONS 
 
 47"
20240105_10-K_edgar_data_1634293_0001599916-24-000027.txt,93442,24,30,102,"Item
 1 
 Business 
 
 1","Item
 1A 
 Risk
 Factors 
 
 4","Item
 7 
 Management s
 Discussion and Analysis of Financial Condition and Results of Operations 
 
 5"
20240105_10-K_edgar_data_315374_0001558370-24-000115.txt,255374,51207,84817,75920,"Item 1. BUSINESS General Hurco Companies, Inc. is an international, industrial technology company. We design, manufacture, and sell computerized (i.e., Computer Numeric Control CNC )) machine tools, consisting primarily of vertical machining centers (mills) and turning centers (lathes), to companies in the metal cutting industry through a worldwide sales, service, and distribution network. Although the majority of our computer control systems and software products are proprietary, they predominantly use industry standard personal computer components. Our computer control systems and software products are primarily sold as integral components of our computerized machine tool products. We also provide machine tool components, automation integration equipment and solutions for job shops, software options, control upgrades, accessories, and replacement parts for our products, as well as customer service, training, and applications support. As used in this report, the words we , us , our , Hurco and the Company refer to Hurco Companies, Inc., and its consolidated subsidiaries. Since our founding in 1968, we have been a leader in the introduction of interactive computer control systems that automate manufacturing processes and improve productivity in the metal parts manufacturing industry. We pioneered the application of microprocessor technology and conversational programming software for use in machine tools. Our Hurco brand computer control systems can be operated by both skilled and unskilled machine tool operators, and yet are capable of instructing a machine to perform complex tasks. The combination of microprocessor technology and patented interactive, conversational programming software in our proprietary computer control systems enables operators on the production floor to create a program quickly and easily to machine a particular part from a blueprint or computer aided design file, and immediately begin machining that part. Our executive offices and principal design and engineering operations are headquartered in Indianapolis, Indiana, U.S. We have sales, application engineering, and service subsidiaries in China, the Czech Republic, France, Germany, India, Italy, the Netherlands, Poland, Singapore, Taiwan, the United Kingdom, and the U.S. We have manufacturing and assembly operations in Taiwan, the U.S., Italy, and China, and distribution facilities in the U.S., the Netherlands, and Taiwan. Our strategy is to design, manufacture, and sell a comprehensive line of computerized machine tools that help customers in the worldwide metal cutting market increase productivity and profitability. The majority of our machine tools employ proprietary, interactive computer control technology that increases productivity through ease of operation via interactive conversational and graphical programming software. All of our machine tools, regardless of brand, deliver high levels of machine performance (speed, accuracy and surface finish quality) that increase productivity. We routinely expand our product offerings to meet customer needs, which has led us to design and manufacture more complex machining centers with advanced capabilities. We bring a disciplined approach to strategically enter new geographic markets, as appropriate. 
 3 

Our strategic plans focus on market expansion to reach more customers with more products on a global basis. We have made five acquisitions since 2013, and the products we have added through these acquisitions have given us more advanced products with significant improvements in our machine tool accuracy and precision, allow us to seek higher productivity in complex manufacturing environments, provide automation for machine tending solutions, and minimize dependencies associated with volatilities from economic and geographic cyclicality. While the Hurco-branded computer control systems have been, and continue to be, our premium flagship product line, we have added other products to our portfolio that provide product diversity and market penetration opportunity priced from entry-level to high performance serving a variety of different industries. We have not changed our overall strategy to design, manufacture, and sell a comprehensive line of computerized machine tools; rather, we have enhanced this strategy through growth both organically and through acquisitions in an effort to attain long-term stability and profitability. During fiscal year 2023, our sales and service fees were 227.8 million, a decrease of 23.0 million, or 9 , compared to fiscal year 2022 and included an unfavorable currency impact of 2.4 million, or 1 , when translating foreign sales to U.S. dollars for financial reporting purposes. Sales decreased year-over-year due primarily to a decreased volume of shipments of higher-performance Hurco, Takumi, and Milltronics machines across Europe, Asia Pacific, and the Americas. For fiscal year 2023, we reported net income of 4.4 million, or 0.66 per diluted share, compared to net income of 8.2 million, or 1.23 per diluted share, for fiscal year 2022. Industry Machine tool products are considered capital goods, which makes them part of an industry that has historically been highly cyclical. Industry association data for the U.S. machine tool market is available, and that market accounts for approximately 13 of worldwide consumption. Reports available for the U.S. machine tool market include: Global Machine Tool Outlook generated by Oxford Economics; United States Machine Tool Consumption generated by the Association for Manufacturing Technology, this report includes metal cutting machines of all types and sizes, including segments in which we do not compete; Purchasing Manager s Index developed by the Institute for Supply Management, this report includes activity levels in U.S. manufacturing plants that purchase machine tools; and Capacity Utilization of Manufacturing Companies issued by the Federal Reserve Board. A limited amount of information is available for foreign markets, and different reporting methodologies are used by various countries. Machine tool consumption data, published by the Association for Manufacturing Technology, calculates machine tool consumption annually by country. It is important to note that data for foreign countries are based on government reports that may lag six to 12 months behind real-time and, therefore, are unreliable for forecasting purposes. Demand for capital equipment can fluctuate significantly during periods of changing economic conditions. Manufacturers and suppliers of capital goods, such as our company, are often the first to experience these changes in demand. Additionally, since build to stock and our typical order backlog is approximately 45 days, it is difficult to estimate demand with any reasonable certainty. Therefore, we do not have the benefit of relying on the common leading indicators that other industries use for market analysis and forecasting purposes. 
 4 

Products Our core products consist of general-purpose, computerized machine tools for the metal cutting industry, principally, vertical and horizontal machining centers (mills), turning centers (lathes), and toolroom machines. The majority of our machine tools are equipped with our fully integrated computer control systems that are powered by our proprietary software, while the remaining machine tools are equipped with industry standard controls. Additionally, we produce and distribute software options, control upgrades, hardware accessories, and replacement parts for our machine tool product lines, and we provide operator training and support services to our customers. We also produce computer control systems and related software for press brake applications that are sold as retrofit units for installation on existing or new press brake machines, and we own an automation integration company that specializes in job shop automation. The following table sets forth the contribution of each of our product groups and services to our total revenues during each of the past three fiscal years (in thousands): Net Sales and Service Fees by Product Category 

Year Ended October 31, 2023 2022 2021 Computerized Machine Tools 188,335 83 211,804 85 198,602 85 Computer Control Systems and Software 2,805 1 2,634 1 2,528 1 Service Parts 28,439 12 28,219 11 26,425 11 Service Fees 8,228 4 8,157 3 7,640 3 Total 227,807 100 250,814 100 235,195 100 Amounts shown do not include computer control systems and software sold as an integrated component of computerized machine systems. Product Portfolio by Brand We have three brands of CNC machine tools in our product portfolio. Hurco is the technology and innovation brand for customers who want to increase productivity and profitability by selecting a brand with the latest software and motion technology. Milltronics is the value-based brand for shops that want easy-to-use machines at competitive prices. The Takumi brand is for customers that need precision and very high speed, high efficiency performance, such as that required in the die and mold, aerospace, and medical industries. Takumi machines are equipped with industry standard controls instead of the proprietary controls found on Hurco and Milltronics machines. ProCobots, LLC ProCobots is our wholly-owned subsidiary that provides practical automation solutions, such as feeders, machine tending systems, and collaborative robots (cobots). In addition, through our wholly-owned subsidiary LCM Precision Technology S.r.l. LCM ), we produce high-value machine tool components and accessories. The main product categories of each brand are outlined below. The Hurco, Milltronics, and Takumi product lines represent a comprehensive product portfolio with more than 150 different CNC machine models. The combined machine tool product lines provide benefits related to the development of product enhancements, technologies, and models. Due to leverage of shared resources and cross-utilization of proven engineering designs, we achieve manufacturing cost reductions from economies of scale and manufacturing efficiencies. 
 5 

Hurco CNC Machine Tools Hurco computerized machine tools are equipped with a fully integrated interactive computer control system that features our proprietary WinMax software. Our computer control system enables a machine tool operator to create complex two-dimensional 2D or three-dimensional 3D machining programs directly from an engineering drawing or computer-aided design geometry file, such as a solid model. An operator with little or no machine tool programming experience can successfully create a program with minimal training and begin machining the part in a short period of time. The control features an operator console with a touch-screen and incorporates an upgradeable personal computer PC platform using a high-speed processor with solid rendering graphical programming. In addition, WinMax has a Windows based operating system that enables users to improve shop floor flexibility and software productivity. Companies using computer-controlled machine tools are better able to: maximize the efficiency of their human resources; make more advanced and complex parts from a wide range of materials using multiple processes; incorporate fast moving changes in technology into their operations to keep their competitive edge; and integrate their business into the global supply chain of their customers by supporting small to medium lot sizes for just in time initiatives. Our Windows based Hurco control facilitates our ability to meet these customer needs. The familiar Windows operating system coupled with our intuitive conversational style of program creation allows our customers operators to create and edit part-making programs without incurring the incremental overhead of specialized computer aided design CAD and computer aided manufacturing CAM programmers. With the ability to transfer most CAD data directly into a Hurco program, part programming time can be significantly reduced. Machine tool products must be designed to meet customer demand to machine complex parts with greater part accuracies. Our proprietary controls with WinMax software and high-speed processors efficiently handle the large amounts of data these complex part-making programs require and enable our customers to create parts with higher accuracy at faster speeds. We continue to add technology to our control design as it becomes available. UltiMotion , our patented motion control system, provides significant cycle time reductions and increases the quality of a part s surface finish. This technology differentiates us in the marketplace and is incorporated into our control. Our offering of Hurco machining centers, currently equipped with either a dual touch-screen console or a single touch-screen console, consists of the following product lines: VMi Product Line The VM product line consists of moderately priced vertical machining centers for the entry-level market, while still offering the advantage of our advanced control and motion systems. The design premise of the machining center with a large work cube and a small footprint optimizes the use of available floor space. The VM line consists of six models in four sizes with X-axis (horizontal) travels of 26 (three models), 30, 40, and 50 inches. ___________________ Windows is a registered trademark of Microsoft Corporation in the United States and other countries. 
 6 

VMXi Product Line The VMX product line is our flagship series of machining centers and consists of higher performing vertical machining centers aimed at manufacturers that require faster speeds and greater part accuracy. The small and medium size models are available with either belted or inline (direct drive) spindles and the larger models are offered as either #40 or #50 taper. The VMX line consists of 14 models in eight sizes with X-axis travels of 24, 26, 30, 42, 50, 60, 64, and 84 inches. HSi Product Line Due to the integral, motorized spindle with a maximum speed of 20,000 rpm, the HS product line is desirable for the die and mold industry because of that industry s particular interest in the improvement of surface finish quality and the reduction of cycle time. Additionally, this product line offers us the opportunity to expand our customer base to manufacturers that produce larger batches. The HS product line consists of four models with X-axis travels of 24, 30, 42, and 60 inches. Ui Series Product Line This product line features five-axis trunnion tables integrated onto familiar C-frame style machines, making an easy entry into five-axis for first-time users. U Series models are offered with eight, ten, and 14-inch diameter rotary tables with either standard (belted) or direct drive (inline) spindles. High-speed spindles (20,000 rpm) are offered as an option. SRTi/SWi Product Line The SRT Series of five-axis machines utilizes motor spindles and a swivel head with a C-axis rotary table embedded into and flush with the machine table, making them among the most flexible machines in the industry. The SW model utilizes the swivel head and a traditional machine table that can be then fitted with an A-axis rotary table to machine long five-axis parts. These models are available in either 42 or 60-inch X-axis travels. Customers can choose between standard and high-speed spindles. VCi/VCXi Product Line The B-axis configuration of the VC/VCX Series provides greater undercut capability in both positive and negative directions, allowing users to access more part surface area for machining. These cantilever machines are available with either a 20-inch or 23.6-inch pallet, moderately-priced models, or as a high speed, high performance model, with a torque motor-driven 23.6-inch-diameter rotary table. BXi Product Line The BX product line is for customers that require higher accuracy parts, as they are built with an extremely rigid double column design that offers superior vibration dampening and excellent thermal characteristics. Four models are available, two with 40-inch X-axis travels (a three-axis version and a five-axis version), as well as 53-inch and 63-inch X-axis travel models. The 53-inch and 63-inch models are available with #40 or #50 taper. HMi Product Line The HM product line offers customers moderately-priced horizontal machining centers designed for small lot sizes. Two models are available, one with a rotary table and one with a plain table. They both have X-axis travels of 67 inches. These products are designed for high-mix, low-volume applications that benefit from a horizontal spindle configuration, but do not require an expensive pallet switching system typically found on competitive horizontal machines. 
 7 

HBMXi Product Line The HBMX product line is beneficial to manufacturers that build custom machinery and parts for a multitude of industries, such as packaging, pharmaceutical, automotive, energy, and medical. Additionally, boring mills are also used to repair and/or rebuild large components. The HBMX boring mill product line consists of four models with X-axis travels of 55, 79, 94, and 120 inches. DCXi Product Line The double column DCX series includes six models in four sizes. Based on two, three, and four-meter X-axis travels, these machining centers are designed to facilitate production of large parts and molds often required by the aerospace, energy, and custom machinery industries. The 3-meter model is available as a five-axis machine equipped with an articulating head. DCX machines are the largest models offered by Hurco that feature the powerful and flexible WinMax control. TMi/TM-Mi Product Line The TM/TM-M product line of slant-bed lathes (horizontal turning centers) is designed for entry-level job shops and contract manufacturers seeking efficient processing of small to medium lot sizes. There is one TM model in four sizes, measured by chuck size: six, eight, ten, and 12 inches. We added motorized tooling on the lathe turret to further enhance the capability of the TM turning centers and designated it as the TM-M product line. These turning centers with live tooling allow our customers to complete a number of secondary milling, drilling, and tapping operations while the part is still held in the chuck after the turning operations are complete, which provides significant productivity gains. The TM-M product line consists of three models: TM8Mi, TM10Mi, and TM12Mi. TMXi Product Line The TMX product line consists of high-performance turning centers. There are six models in two sizes. The TMX-MY models are equipped with an additional axis and motorized live tooling while the TMX-MYS models also have an additional spindle. These products are designed for customers who want to reduce part handling and complete complex components that require speed, accuracy, and superior surface finish in a single set-up. They are available in either eight or ten-inch main chuck sizes. Product Development Since Hurco is the technology and innovation brand of our corporate portfolio, we have focused our attention on product enhancements of existing models in an effort to align the Hurco brand with the newest engineering innovations and components available to compete with other premium brands in the marketplace. Examples of product enhancements completed in fiscal year 2023 include new HSK spindles for our entry level high-speed VM10HSi 3-axis and VM10UHSi 5-axis machines. We also made background enhancements to our WinMax software, focusing on bolstering reliability and optimizing resource management. These improvements are designed to ensure a smoother user experience without interrupting workflow. These efforts collectively enhance software performance and efficiency, providing a more dependable and responsive experience while using WinMax . 
 8 

Milltronics CNC Machine Tools Our Milltronics line of CNC machine tools is designed for excellent value with more standard features for the price versus competitors. We manufacture and sell these machine tools with a fully integrated interactive computer control system called the Milltronics 9000 Series DGI CNC. The control is compatible with G M Code programs (generated from CAD/CAM software) and also features onboard conversational visual aid programming. The Milltronics portfolio consists of the following product lines: VK Series The VK is our CNC knee mill designed for prototype, research and development, maintenance, and other general-purpose applications. It offers the easy table access of a conventional knee mill, with the power and flexibility of the 9000 DGI CNC control and motion system. Unlike most competitive models, it is not a retrofit kit but rather designed from the ground up as a CNC. TRQ/TRM Product Line Products with the TRQ or TRM designation are part of the tool room bed mill category, which are machines that are available without an enclosure (also referred to as open bed machines), that provide easy access to the worktable. Typical applications for these machines include general machining, job shops, prototype, or maintenance and repair. Available with quill-head or rigid-head designs, there are six models in four sizes with X-axis travels of 30, 40, 60 and 78 inches. The 60-inch model is also available with a high-torque option. VM General Purpose (GP) Product Line The VM-GP product line consists of attractively-priced vertical machining centers designed for job shops, prototype, research and development, and other general machining applications. These belt-driven models have 40-taper spindles and are available in four different sizes. Customers can choose models with X-axis travels of 25, 30, 40, or 50 inches. There is also a model with extended spindle nose-to-table dimensions for large fourth-axis rotary applications. VM Inline Performance (IL) Product Line The VM-IL product line consists of moderately-priced performance vertical machining centers for high-speed applications, such as die and mold, aerospace, and medical machining. Featuring heavier castings, faster motion, and inline spindles, these 40-taper machines are available in four sizes. Models include X-axis travels of 30, 42, 50, or 60 inches. VM Extra Power (XP) Product Line The VM-XP product line consists of moderately-priced, vertical machining centers for more demanding metal removal applications, such as castings or forgings. These heavy-duty, 50-taper models are designed for applications that require more power and torque. Customers can choose from three different models with X-axis travels of 50, 60, or 84 inches. BR Product Line The BR product line consists of high-speed bridge mills that are used in pattern shops and the aerospace industry, in addition to job shops, due to the large table and travels that support a wide range of part sizes. BR machines have inline spindles and are available in six models with up to 200 inches in X-axis travel by 80 inches in Y-axis travel. 
 9 

ML Product Line The ML product line consists of combination lathes that the customer can configure for either tool room or production applications with the option to add live tooling. There are 17 models available in a variety of thru hole sizes and in the following six swing-over bed diameters: 17, 19, 23, 27, 36, and 39.7 inches. SL Product Line The SL product line of slant-bed lathes (horizontal turning centers) is designed for entry-level job shops and contract manufacturers seeking efficient processing of small to medium lot sizes. These compact machines are available with chuck sizes of six, eight, and ten inches and support an optional conversational high-efficiency cutting cycle on the control called Bi-Directional Turning, a cutting strategy typically available only with high-end CAD/CAM systems. Product Development In fiscal year 2023, Milltronics introduced the new Inspire CNC control, leveraging patented Hurco intellectual property to enhance cutting precision and surface finish on Milltronics machine tools. Features like rapid retract, leadscrew compensation, and squareness compensation enable customers to maximize their Milltronics machine tool s performance, while the Inspire control offers users a familiar user interface for seamless interaction with the machine. Takumi CNC Machine Tools The Takumi brand features machines designed for applications requiring precision and high speed, high efficiency milling. Market segments that require such applications include die and mold, aerospace, medical, and energy, or any customer that needs to produce very high-accuracy parts quickly. Takumi machines are available with a variety of industry standard CNC controls, including Fanuc , Siemens , Mitsubishi , or Heidenhain . Models include three-axis vertical machining centers with linear guides; three-axis vertical machining centers with box ways; high-speed, double column vertical machining centers; heavy-duty, double-column machining centers; five-axis machining centers and high-speed horizontal machining centers. Takumi machines are hand built and fitted to exacting standards to produce high accuracies and superior surface finishes. The Takumi portfolio consists of the following product lines: PV Series The PV Series are entry-level vertical machining centers yet feature high-performance direct drive spindles and robust roller way technology. PV machines are available in two sizes with X-axis travels of either 26 or 41 inches. They are designed for general purpose and job shop applications. VC Series The VC Series vertical machining centers are fast, three-axis linear guide machining centers designed for customers doing a variety of different parts, including die and mold, medical, automotive, and job shops. The VC machines are available in four sizes with X-axis travels of 34, 42, 50, and 60 inches. An extended Y-axis travel version of the 42-inch model is offered for mold shops making square mold bases. ________________________ Fanuc is a registered trademark of G E Fanuc Automation Americas, Inc. Siemens is a registered trademark of Siemens AG. Mitsubishi is a registered trademark of Mitsubishi Electric Corporation. Heidenhain is a registered trademark of HEIDENHAIN CORPORATION, a wholly-owned subsidiary of the German company DR. JOHANNES HEIDENHAIN GmbH. 
 10 

V Series The V Series vertical machining centers are heavy-duty, box-way machines built for tough applications such as roughing cast iron. These three-axis, massive machines feature belt or geared spindles to provide maximum torque. The V Series product line includes eight models with X-axis travels of 39, 43, 47, 60, 70, 78, 86, and 126 inches. H Series Designed to produce parts that require high precision and superior surface finishes, H Series machines offer an extremely rigid and thermally stable double-column design. These three-axis models feature high-speed, direct-drive spindles, or built-in HSK spindles, with up to 20,000 rpm, in addition to spindle speed options of 24,000 rpm and 36,000 rpm. The H Series product line consists of 11 models with X-axis travels of 24, 40, 49, 63, 86, 126, 157, and 197 inches, with select models available with extended Y-axis travel and/or high-speed spindles. These machines are specifically targeted for die and mold and aerospace customers. U Series Designed with trunnion tables or swivel heads, these five-axis simultaneous machining centers provide versatility, as well as reduce setup time and process time. Most models are offered with a double-column structure for superior stability and performance. The U Series product line consists of six models, four of which offer trunnion table sizes of 10, 16, 24, and 31.5 inches. The UB version is equipped with a B/C swivel head and a 12,000 rpm built-in spindle. Its double-column design provides a spacious X-axis travel of 126 inches. The UR1000 has a two-axis head and a 39-inch rotary table integrated into a double-column machine, designed for large and heavy five-axis parts, such as those found in die and mold, aerospace, and energy applications. G Series Designed specifically for the machining of graphite or copper electrodes used in electrical discharge machining (EDM), G Series machines offer the same extremely rigid and thermally stable double-column design of the H Series with high-speed, direct-drive spindles, or built-in HSK spindles, that have up to 20,000 rpm, but are also equipped with a graphite dust extraction system. The G Series product line consists of three models with X-axis travels of 22, 30, and 40 inches. BC Series BC Series machines are double column, three-axis machining centers designed for heavy cutting and applications that require high power and torque, such as die and mold. These models include a heavy cutting, 6,000 rpm geared-head spindle for maximum cutting power. The BC Series models are available in eight sizes, including X-axis travels of 83, 122, 126, 157 and 197 inches, with several models featuring different choices of Y-axis travel. HMX Series The HMX Series are high-speed horizontal machining centers that are capable of up to 1G acceleration. These models include twin pallets to maximize cutting time along with very fast pallet exchange times and rapid traverse rates. Available in 400, 500, and 630 mm pallet sizes, they can also be fitted with expandable automatic tool changers that hold up to 220 tools. The HMX500 model is available in either #40 or #50 taper spindles. SL Lathes SL slant-bed lathes are turning centers equipped with box ways and designed for heavy cutting to provide superior part finishes. The SL Series includes four models: the SL200 and SL250, both available with ten-inch chucks; the SL300, which has a 12-inch chuck; and the SL450, which has an 18-inch chuck. 
 11 

Product Development In fiscal year 2023, Takumi introduced a #50 taper version of the HMX500 horizontal machining center, for applications that require heavy cutting and more power. Additionally, a new 60 X-travel VC1500 was introduced to the marketplace. Other Computer Control Systems and Software Products The following machine tool computer control systems and software products are sold directly to end-users and/or to other original equipment manufacturers OEMs ). Autobend Our Autobend computer control systems are applied to metal bending press brake machines that form parts from sheet metal and steel plate. They consist of a microprocessor-based computer control and back gauge (an automated gauging system that determines where the bend will be made). We have manufactured and sold the Autobend product line since 1968. We currently market two models of our Autobend computer control systems for press brake machines, in combination with six different back gauges as retrofit units for installation on existing or new press brake machines. Software Products In addition to our standard computer control features, we offer software option products for part programming. These products are sold to users of our Hurco computerized machine tools equipped with our dual touch-screen or single touch-screen consoles featuring WinMax control software. Each international division packages the options as appropriate for its market. The most common options include Advanced Verification Graphics, Solid Model Import with 3D DXF Technology, Swept Surface, DXF Transfer, UltiMonitor, UltiPocket with Helical Ramp Entry and Insert Pockets, Conversational Part and Tool Probing, Tool and Material Library, NC/Conversational Merge, Job List, Automation Job Manager, Stream Load, Active Thermal Compensation, Thread Repair, and Simultaneous Five-Axis Contouring. The Advanced Verification Graphics option displays a picture of the rendered part on the screen of the control that can be viewed from any angle. The detail allows the customer to evaluate how the part is programmed to be machined before cutting commences, which eliminates the need to scrap expensive material. Our Swept Surface software option simplifies programming of 3D contours and significantly reduces programming time. The DXF Transfer software option increases operator productivity because it eliminates manual data entry of part features by transferring AutoCAD drawing files directly into our computer control or into our desktop programming software, WinMax Desktop. Solid Model Import with 3D DXF Technology automatically uses geometry from a 3D CAD model to easily create conversational programs for 2D and 3D parts or even 3+2 and 5-sided parts. ________________________ AutoCAD is a registered trademark of Autodesk, Inc., and/or its subsidiaries/ affiliates in the U.S. and/or other countries. 
 12 

Designed to take advantage of the Internet of Things, UltiMonitor is a web-based productivity, management, and service tool that enables customers to monitor, inspect, and receive notifications about their Hurco machines from any location where they can access the internet. Customers can transfer part designs, receive event notifications via email for text, access diagnostic data, monitor the machine via webcam, and communicate with the machine operator. UltiPocket with Helical Ramp Entry and Insert Pockets automatically calculates the tool path around islands, eliminating the arduous task of plotting these shapes. Islands can also be rotated, scaled, and repeated. Conversational Part and Tool Probing options permit the computerized dimensional measurement of machined parts and the associated cutting tools. This on-machine technique improves the throughput of the measurement process when compared to traditional off-machine approaches. The Tool and Material Library option stores the tool and material information with the machine instead of storing it with each individual part program. The user enters the tool data and geometry one time and chooses the particular tool from the list when it is needed. Additionally, the library reads the part program and automatically locates the tool or displays an alert if the tool does not exist. In addition to saving time, the Tool and Material Library eliminates the need to enter information repeatedly and can prevent common tool crash conditions. NC/Conversational Merge lets the user incorporate conversational features, such as tool probing, pattern operations, and scaling, into existing G-Code programs. Job List provides an intuitive way to group files together and run them sequentially without operator intervention, which promotes automation, lights-out machining, program stitching, file bundling, and adaptive processes. Automation Job Manager is a software feature designed specifically for seamless integration of the Hurco control to our automation package called Job Shop Automation, which promotes intuitive programming of collaborative robots for machine tending applications. Stream Load allows the user to run very large NC files without the need to upload the entire file into the control s memory to avoid exceeding memory limits. Active Thermal Compensation is a feature that uses sensors to measure head casting temperature growth and software that automatically compensates for that growth, improving part accuracy. Thread Repair is a feature for turning applications that provides an efficient way to repair existing threads, which is especially beneficial for large pipes and other parts manufactured for the oil/energy sector. Simultaneous Five-Axis Contouring software enables a five-axis machine to command motion concurrently on all axes. This allows the user to create continuous tool-paths along complex geometries with only a single machine/part setup, providing increased productivity along with the performance benefits of using shorter cutting tools. The sale of simultaneous five-axis contouring software is subject to government export licensing requirements. 
 13 

ProCobots CNC Automation ProCobots provides automation solutions including collaborative robots (cobots), grippers, material handling, and Industry 4.0-capable software and controls. Designed to be easy to use, safe, and flexible, ProCobots solutions are standardized systems aimed at customers who are in high-mix, low- and medium-volume manufacturing environments. Products include portable models, such as the ProFeeder Flex and ProFeeder Table, as well as flexible cell solutions, including the ProFeeder and Easy Desk, and higher volume systems including the ProFeeder Compact, ProFeeder X, and ProFeeder XL models. ProCobots solutions are available for any Hurco, Milltronics, or Takumi machine. LCM Machine Tool Components and Accessories Based in Italy, LCM designs, manufactures, and sells mechanical and electro-mechanical components and accessories for machine tools for a wide variety of machine tool OEMs. LCM s direct drive spindle, swivel head, and rotary torque table are used in the Hurco SRT line of five-axis machining centers to achieve simultaneous five-axis machining. CNC Rotary Tables LCM has several lines of CNC rotary tables for both horizontal and vertical-horizontal positioning. Customers can choose rotary tables with either hydraulic or pneumatic clamping systems. Additionally, LCM offers CNC rotary tables powered by either a torque motor or a high-precision mechanical transmission. CNC Tilt Tables LCM has several lines of CNC tilting rotary tables, intended specifically for five-axis machining centers. Each of the lines is differentiated by the technology used for clamping (hydraulic or pneumatic) and by the type of transmission (either mechanical transmission or torque motor). Swivel Heads and Electro-spindles LCM has two primary lines of swivel heads that enable the spindle axis to be tilted with continuous motion and several electro-spindle (built-in motors for swivel heads) options. The two lines of swivel heads are differentiated by the type of transmission (either mechanical transmission or torque motor). Non-Hurco Branded Products Technologies While our three brands of CNC machine tools, related software products, Autobend , ProCobots, and LCM are responsible for the vast majority of our revenue, we have added certain other non-Hurco OEM products to our portfolio that contribute to our top and bottom line, provide product diversity and market penetration opportunity, and reduce the impact of geographic cyclicality. We believe these non-Hurco branded products help us partially offset the cyclical nature of the machine tool market and potentially reduce the risks associated with expansion into new geographic markets by diversifying our product offering. These non-Hurco branded products are sold by our wholly-owned distributors and are comprised primarily of other general-purpose vertical machining centers and lathes, laser cutting machines, waterjet cutting machines, CNC grinders, compact horizontal machining centers, metal cutting saws, and CNC Swiss lathes. 
 14 

Parts and Service Our service organization provides installation, warranty, operator training, and customer support for our products on a worldwide basis. In the United States, our principal distributors generally have the primary responsibility for machine installation and warranty service and support for product sales. Our service organization also sells software options, computer control upgrades, accessories, and replacement parts for our products. We believe our after-sales parts and service business strengthens our customer relationships and provides continuous information concerning the evolving requirements of end-users. Manufacturing Our computerized metal cutting machine tools are manufactured and assembled to our specifications primarily by our wholly-owned subsidiary in Taiwan (Hurco Manufacturing Limited HML )). HML conducts final assembly operations and is supported by a network of contract suppliers of components and sub-assemblies that manufacture components for our products. Our facility in Ningbo, China (Ningbo Hurco Machine Tool Co. Ltd NHML )) focuses on the machining of castings to support HML s production in Taiwan. The LCM line of electro-mechanical components and accessories for machine tools is designed and manufactured in Italy. Our facility in Indianapolis, Indiana, also conducts final assembly operations for certain Hurco VMX machines, Milltronics IL/XP models, and Milltronics bridge mills for the American market and manufactures certain electro-spindle components for LCM. We have a contract manufacturing agreement for computer control systems with Hurco Automation, Ltd. HAL ), a Taiwanese company in which we have a 35 ownership interest. This company produces all of our computer control systems to our specifications, sources industry standard computer components and our proprietary parts, performs final assembly, and conducts test operations. We work closely with our subsidiaries, key component suppliers, and HAL to ensure that their production capacity will be sufficient to meet the projected demand for our machine tool products. Many of the key components used in our machines can be sourced from multiple suppliers. However, any prolonged interruption of operations or significant reduction in the capacity or performance capability at any of our manufacturing facilities, or at any of our key component suppliers, could have a material adverse effect on our operations. Marketing and Distribution We principally sell our products through approximately 180 independent agents and distributors throughout North and South America (the Americas ), Europe, and Asia. Although some distributors carry competitive products, we are the primary line for the majority of our distributors globally. We also have our own direct sales and service organizations in China, the Czech Republic, France, Germany, India, Italy, the Netherlands, Poland, Singapore, Taiwan, the United Kingdom, and certain parts of the United States , which are among the world s principal machine tool consuming markets. Our selling divisions in the United States have responsibility for the Americas, which includes Canada, Mexico, Central America, South America, and the U.S. 
 15 

Approximately 87 of the worldwide demand for computerized machine tools and computer control systems is outside of the U.S. In fiscal year 2023, approximately 61 of our revenues were derived from customers outside of the Americas. No single end-user or distributor of our products accounted for more than 5 of our total sales and service fees. The end-users of our products are precision tool, die and mold manufacturers, independent job shops, specialized short-run production applications within large manufacturing operations, and manufacturing facilities that focus on medium-to-high run production of large batches of a few types of parts instead of small batches of many different parts. Industries served include aerospace, defense, medical equipment, energy, automotive/transportation, electronics, and computer industries. We also sell our Autobend computer control systems to OEMs of new metal fabrication machine tools that integrate them with their own products prior to the sale of those products to their own customers, to retrofitters of used metal fabrication machine tools that integrate them with those machines as part of the retrofitting operation, and to end-users that have an installed base of metal fabrication machine tools, either with or without related computer control systems. Demand We believe demand for our products is driven by advances in industrial technology and the related demand for automated process improvements. Other factors affecting demand include: the need to continuously improve productivity and shorten cycle time; an aging machine tool installed base that will require replacement with more advanced technology; the industrial development of emerging markets in Latin America, Asia, and Eastern Europe; and the declining supply of skilled machinists. Demand for our products is also highly dependent upon economic conditions and the general level of business confidence, as well as factors such as production capacity utilization and changes in governmental policies regarding tariffs, corporate taxation, fluctuations in foreign currencies, and other investment incentives. Competition We compete with many other machine tool producers in the United States and foreign countries. Most of our competitors are larger and have greater financial resources than us. Major worldwide competitors include DMG Mori Seiki Co., Ltd., Mazak Corporation, Haas Automation, Inc., DN Solutions (formerly Doosan Corporation), Okuma Machinery Works, Ltd., Fryer Machine Systems Inc., ProtoTRAK CNC Machines, Quick Jet Machine, Co., Ltd., Gentiger Machinery Industrial, Co., Ltd., and Yeong Chin Machinery Industries, Co., Ltd. Through our subsidiary LCM, we compete with manufacturers of machine tool components and accessories such as IBAG, Kessler, Peron Speed International, GSA Technology Co., Ltd., and Duplomatic Automation. We strive to compete by developing patentable software and other proprietary features that offer enhanced productivity, technological capabilities, and ease of use. We offer our products in a range of prices and capabilities to target a broad potential market. We also believe that our competitiveness is aided by our reputation for reliability and quality, our strong international sales and distribution organization, and our extensive customer service organization. 
 16 

Intellectual Property We consider the majority of our products to be proprietary. Various features of our Hurco and Milltronics control systems and machine tools employ technologies covered by patents and trademarks that are material to our business. We also own additional patents covering new technologies that we have acquired or developed, and that we are planning to incorporate into our control systems or products in the future. Human Capital Resources Hurco is committed to attracting and retaining the brightest and best talent. Therefore, investing, developing, and maintaining human capital is critical to our success. As of October 31, 2023, Hurco had approximately 716 full-time employees, of which approximately 28 were in the Americas and 72 were in other global regions. As a global industrial technology company, a large number of our employees are engineers or trained trade or technical workers focusing on advanced manufacturing, and many of them hold masters , doctorate, or equivalent advanced degrees. Hurco emphasizes a number of measures and objectives in managing its human capital assets, including, among others, employee safety and wellness, talent acquisition and retention, employee engagement, development, and training, diversity and inclusion, and compensation and pay equity. None of our employees are covered by a collective-bargaining agreement. We have not experienced any employee-generated work stoppages or disruptions, and we consider our employee relations to be satisfactory. Employee Engagement, Development, and Training We encourage and support the growth and development of our employees and, wherever possible, seek to fill positions by promotion and transfer from within the organization. We advance continual learning and career development through ongoing performance and development conversations or evaluations with employees, internally and externally developed training programs, and educational reimbursement programs. In connection with the latter, reimbursement is available to employees enrolled in pre-approved degree or certification programs at accredited institutions that teach skills or knowledge relative to our business or otherwise to the development of the employee s skill set or knowledge base. In addition, we routinely invest in seminar, conference, and other training or continuing education events for our employees. Diversity and Inclusion We are committed to fostering work environments that value and promote diversity and inclusion. This commitment includes a policy to provide equal access to, and participation in, equal employment opportunities, programs, and services without regard to race, religion, color, national origin, disability, sex, sexual orientation, gender identity, stereotypes or assumptions based thereon. We pride ourselves on policies and programs designed for the development and fair treatment of our global workforce, including generous healthcare and benefit programs for our employees, equal employment hiring practices and policies, anti-harassment, workforce safety, and anti-retaliation policies, and implementation of affirmative action programs. We welcome and celebrate our teams differences, experiences, and beliefs, and we are investing in a more engaged, diverse, and inclusive workforce. 
 17 

Ethical Business Practices We also foster a strong corporate culture that promotes high standards of ethics and compliance for our businesses, including policies that set forth principles to guide employee, officer, director, and vendor conduct, such as our Code of Business Conduct and Ethics. We also maintain a whistleblower policy and anonymous hotline for the confidential reporting of any suspected policy violations or unethical business conduct on the part of our businesses, employees, officers, directors, or vendors and provide training and education to our global workforce with respect to our Code of Business Conduct and Ethics and anti-corruption and anti-bribery policies. We intend to disclose any amendment to, or a waiver from, a provision of our Code of Business Conduct and Ethics that applies to our principal executive officer, principal financial officer, principal accounting officer or controller, or persons performing similar functions by posting such information on our website at www.hurco.com . Backlog For information on orders and backlog, see Item 7. Management s Discussion and Analysis of Financial Condition and Results of Operations in this report. Availability of Reports and Other Information Our website can be found at www.hurco.com . We use this website as a means of disclosing pertinent information about the Company, free of charge, including: Annual Reports on Form 10-K, Quarterly Reports on Form 10-Q, proxy materials, Current Reports on Form 8-K, and amendments to those reports filed or furnished pursuant to Section 13(a) or 15(d) of the Securities Exchange Act of 1934, as amended, as soon as reasonably practicable after we electronically file that material with or furnish it to the SEC; Press releases on quarterly earnings, product announcements, legal developments, and other material news that we may post from time to time; Corporate governance information including our Corporate Governance Principles, Code of Business Conduct and Ethics, information concerning our Board of Directors and its committees, including the charters of the Audit Committee, Compensation Committee, Nominating and Governance Committee and other governance-related policies; and Opportunities to sign up for email alerts and RSS feeds to have information provided in real time. The information available on our website is not incorporated by reference in, or a part of, this or any other report we file with, or furnish to, the SEC. 
 18","Item 1A of this report. You should understand that it is not possible to predict or identify all factors that could cause actual results to differ materially from forward-looking statements. Consequently, you should not consider any list or discussion of such factors to be a complete set of all potential risks or uncertainties. Readers of this report are cautioned not to place undue reliance on these forward-looking statements. While we believe the assumptions on which the forward-looking statements are based are reasonable, there can be no assurance that these forward-looking statements will prove to be accurate. This cautionary statement is applicable to all forward-looking statements contained in this report. We expressly disclaim any obligation to update or revise any forward-looking statements, whether as a result of new information, future events or otherwise. You are advised, however, to consult any further disclosures we make on related subjects in our Form 10-Q, 8-K and 10-K reports and our other filings with the Securities and Exchange Commission SEC ). 
 2 

PART I Item 1. BUSINESS General Hurco Companies, Inc. is an international, industrial technology company. We design, manufacture, and sell computerized (i.e., Computer Numeric Control CNC )) machine tools, consisting primarily of vertical machining centers (mills) and turning centers (lathes), to companies in the metal cutting industry through a worldwide sales, service, and distribution network. Although the majority of our computer control systems and software products are proprietary, they predominantly use industry standard personal computer components. Our computer control systems and software products are primarily sold as integral components of our computerized machine tool products. We also provide machine tool components, automation integration equipment and solutions for job shops, software options, control upgrades, accessories, and replacement parts for our products, as well as customer service, training, and applications support. As used in this report, the words we , us , our , Hurco and the Company refer to Hurco Companies, Inc., and its consolidated subsidiaries. Since our founding in 1968, we have been a leader in the introduction of interactive computer control systems that automate manufacturing processes and improve productivity in the metal parts manufacturing industry. We pioneered the application of microprocessor technology and conversational programming software for use in machine tools. Our Hurco brand computer control systems can be operated by both skilled and unskilled machine tool operators, and yet are capable of instructing a machine to perform complex tasks. The combination of microprocessor technology and patented interactive, conversational programming software in our proprietary computer control systems enables operators on the production floor to create a program quickly and easily to machine a particular part from a blueprint or computer aided design file, and immediately begin machining that part. Our executive offices and principal design and engineering operations are headquartered in Indianapolis, Indiana, U.S. We have sales, application engineering, and service subsidiaries in China, the Czech Republic, France, Germany, India, Italy, the Netherlands, Poland, Singapore, Taiwan, the United Kingdom, and the U.S. We have manufacturing and assembly operations in Taiwan, the U.S., Italy, and China, and distribution facilities in the U.S., the Netherlands, and Taiwan. Our strategy is to design, manufacture, and sell a comprehensive line of computerized machine tools that help customers in the worldwide metal cutting market increase productivity and profitability. The majority of our machine tools employ proprietary, interactive computer control technology that increases productivity through ease of operation via interactive conversational and graphical programming software. All of our machine tools, regardless of brand, deliver high levels of machine performance (speed, accuracy and surface finish quality) that increase productivity. We routinely expand our product offerings to meet customer needs, which has led us to design and manufacture more complex machining centers with advanced capabilities. We bring a disciplined approach to strategically enter new geographic markets, as appropriate. 
 3 

Our strategic plans focus on market expansion to reach more customers with more products on a global basis. We have made five acquisitions since 2013, and the products we have added through these acquisitions have given us more advanced products with significant improvements in our machine tool accuracy and precision, allow us to seek higher productivity in complex manufacturing environments, provide automation for machine tending solutions, and minimize dependencies associated with volatilities from economic and geographic cyclicality. While the Hurco-branded computer control systems have been, and continue to be, our premium flagship product line, we have added other products to our portfolio that provide product diversity and market penetration opportunity priced from entry-level to high performance serving a variety of different industries. We have not changed our overall strategy to design, manufacture, and sell a comprehensive line of computerized machine tools; rather, we have enhanced this strategy through growth both organically and through acquisitions in an effort to attain long-term stability and profitability. During fiscal year 2023, our sales and service fees were 227.8 million, a decrease of 23.0 million, or 9 , compared to fiscal year 2022 and included an unfavorable currency impact of 2.4 million, or 1 , when translating foreign sales to U.S. dollars for financial reporting purposes. Sales decreased year-over-year due primarily to a decreased volume of shipments of higher-performance Hurco, Takumi, and Milltronics machines across Europe, Asia Pacific, and the Americas. For fiscal year 2023, we reported net income of 4.4 million, or 0.66 per diluted share, compared to net income of 8.2 million, or 1.23 per diluted share, for fiscal year 2022. Industry Machine tool products are considered capital goods, which makes them part of an industry that has historically been highly cyclical. Industry association data for the U.S. machine tool market is available, and that market accounts for approximately 13 of worldwide consumption. Reports available for the U.S. machine tool market include: Global Machine Tool Outlook generated by Oxford Economics; United States Machine Tool Consumption generated by the Association for Manufacturing Technology, this report includes metal cutting machines of all types and sizes, including segments in which we do not compete; Purchasing Manager s Index developed by the Institute for Supply Management, this report includes activity levels in U.S. manufacturing plants that purchase machine tools; and Capacity Utilization of Manufacturing Companies issued by the Federal Reserve Board. A limited amount of information is available for foreign markets, and different reporting methodologies are used by various countries. Machine tool consumption data, published by the Association for Manufacturing Technology, calculates machine tool consumption annually by country. It is important to note that data for foreign countries are based on government reports that may lag six to 12 months behind real-time and, therefore, are unreliable for forecasting purposes. Demand for capital equipment can fluctuate significantly during periods of changing economic conditions. Manufacturers and suppliers of capital goods, such as our company, are often the first to experience these changes in demand. Additionally, since build to stock and our typical order backlog is approximately 45 days, it is difficult to estimate demand with any reasonable certainty. Therefore, we do not have the benefit of relying on the common leading indicators that other industries use for market analysis and forecasting purposes. 
 4 

Products Our core products consist of general-purpose, computerized machine tools for the metal cutting industry, principally, vertical and horizontal machining centers (mills), turning centers (lathes), and toolroom machines. The majority of our machine tools are equipped with our fully integrated computer control systems that are powered by our proprietary software, while the remaining machine tools are equipped with industry standard controls. Additionally, we produce and distribute software options, control upgrades, hardware accessories, and replacement parts for our machine tool product lines, and we provide operator training and support services to our customers. We also produce computer control systems and related software for press brake applications that are sold as retrofit units for installation on existing or new press brake machines, and we own an automation integration company that specializes in job shop automation. The following table sets forth the contribution of each of our product groups and services to our total revenues during each of the past three fiscal years (in thousands): Net Sales and Service Fees by Product Category 

Year Ended October 31, 2023 2022 2021 Computerized Machine Tools 188,335 83 211,804 85 198,602 85 Computer Control Systems and Software 2,805 1 2,634 1 2,528 1 Service Parts 28,439 12 28,219 11 26,425 11 Service Fees 8,228 4 8,157 3 7,640 3 Total 227,807 100 250,814 100 235,195 100 Amounts shown do not include computer control systems and software sold as an integrated component of computerized machine systems. Product Portfolio by Brand We have three brands of CNC machine tools in our product portfolio. Hurco is the technology and innovation brand for customers who want to increase productivity and profitability by selecting a brand with the latest software and motion technology. Milltronics is the value-based brand for shops that want easy-to-use machines at competitive prices. The Takumi brand is for customers that need precision and very high speed, high efficiency performance, such as that required in the die and mold, aerospace, and medical industries. Takumi machines are equipped with industry standard controls instead of the proprietary controls found on Hurco and Milltronics machines. ProCobots, LLC ProCobots is our wholly-owned subsidiary that provides practical automation solutions, such as feeders, machine tending systems, and collaborative robots (cobots). In addition, through our wholly-owned subsidiary LCM Precision Technology S.r.l. LCM ), we produce high-value machine tool components and accessories. The main product categories of each brand are outlined below. The Hurco, Milltronics, and Takumi product lines represent a comprehensive product portfolio with more than 150 different CNC machine models. The combined machine tool product lines provide benefits related to the development of product enhancements, technologies, and models. Due to leverage of shared resources and cross-utilization of proven engineering designs, we achieve manufacturing cost reductions from economies of scale and manufacturing efficiencies. 
 5 

Hurco CNC Machine Tools Hurco computerized machine tools are equipped with a fully integrated interactive computer control system that features our proprietary WinMax software. Our computer control system enables a machine tool operator to create complex two-dimensional 2D or three-dimensional 3D machining programs directly from an engineering drawing or computer-aided design geometry file, such as a solid model. An operator with little or no machine tool programming experience can successfully create a program with minimal training and begin machining the part in a short period of time. The control features an operator console with a touch-screen and incorporates an upgradeable personal computer PC platform using a high-speed processor with solid rendering graphical programming. In addition, WinMax has a Windows based operating system that enables users to improve shop floor flexibility and software productivity. Companies using computer-controlled machine tools are better able to: maximize the efficiency of their human resources; make more advanced and complex parts from a wide range of materials using multiple processes; incorporate fast moving changes in technology into their operations to keep their competitive edge; and integrate their business into the global supply chain of their customers by supporting small to medium lot sizes for just in time initiatives. Our Windows based Hurco control facilitates our ability to meet these customer needs. The familiar Windows operating system coupled with our intuitive conversational style of program creation allows our customers operators to create and edit part-making programs without incurring the incremental overhead of specialized computer aided design CAD and computer aided manufacturing CAM programmers. With the ability to transfer most CAD data directly into a Hurco program, part programming time can be significantly reduced. Machine tool products must be designed to meet customer demand to machine complex parts with greater part accuracies. Our proprietary controls with WinMax software and high-speed processors efficiently handle the large amounts of data these complex part-making programs require and enable our customers to create parts with higher accuracy at faster speeds. We continue to add technology to our control design as it becomes available. UltiMotion , our patented motion control system, provides significant cycle time reductions and increases the quality of a part s surface finish. This technology differentiates us in the marketplace and is incorporated into our control. Our offering of Hurco machining centers, currently equipped with either a dual touch-screen console or a single touch-screen console, consists of the following product lines: VMi Product Line The VM product line consists of moderately priced vertical machining centers for the entry-level market, while still offering the advantage of our advanced control and motion systems. The design premise of the machining center with a large work cube and a small footprint optimizes the use of available floor space. The VM line consists of six models in four sizes with X-axis (horizontal) travels of 26 (three models), 30, 40, and 50 inches. ___________________ Windows is a registered trademark of Microsoft Corporation in the United States and other countries. 
 6 

VMXi Product Line The VMX product line is our flagship series of machining centers and consists of higher performing vertical machining centers aimed at manufacturers that require faster speeds and greater part accuracy. The small and medium size models are available with either belted or inline (direct drive) spindles and the larger models are offered as either #40 or #50 taper. The VMX line consists of 14 models in eight sizes with X-axis travels of 24, 26, 30, 42, 50, 60, 64, and 84 inches. HSi Product Line Due to the integral, motorized spindle with a maximum speed of 20,000 rpm, the HS product line is desirable for the die and mold industry because of that industry s particular interest in the improvement of surface finish quality and the reduction of cycle time. Additionally, this product line offers us the opportunity to expand our customer base to manufacturers that produce larger batches. The HS product line consists of four models with X-axis travels of 24, 30, 42, and 60 inches. Ui Series Product Line This product line features five-axis trunnion tables integrated onto familiar C-frame style machines, making an easy entry into five-axis for first-time users. U Series models are offered with eight, ten, and 14-inch diameter rotary tables with either standard (belted) or direct drive (inline) spindles. High-speed spindles (20,000 rpm) are offered as an option. SRTi/SWi Product Line The SRT Series of five-axis machines utilizes motor spindles and a swivel head with a C-axis rotary table embedded into and flush with the machine table, making them among the most flexible machines in the industry. The SW model utilizes the swivel head and a traditional machine table that can be then fitted with an A-axis rotary table to machine long five-axis parts. These models are available in either 42 or 60-inch X-axis travels. Customers can choose between standard and high-speed spindles. VCi/VCXi Product Line The B-axis configuration of the VC/VCX Series provides greater undercut capability in both positive and negative directions, allowing users to access more part surface area for machining. These cantilever machines are available with either a 20-inch or 23.6-inch pallet, moderately-priced models, or as a high speed, high performance model, with a torque motor-driven 23.6-inch-diameter rotary table. BXi Product Line The BX product line is for customers that require higher accuracy parts, as they are built with an extremely rigid double column design that offers superior vibration dampening and excellent thermal characteristics. Four models are available, two with 40-inch X-axis travels (a three-axis version and a five-axis version), as well as 53-inch and 63-inch X-axis travel models. The 53-inch and 63-inch models are available with #40 or #50 taper. HMi Product Line The HM product line offers customers moderately-priced horizontal machining centers designed for small lot sizes. Two models are available, one with a rotary table and one with a plain table. They both have X-axis travels of 67 inches. These products are designed for high-mix, low-volume applications that benefit from a horizontal spindle configuration, but do not require an expensive pallet switching system typically found on competitive horizontal machines. 
 7 

HBMXi Product Line The HBMX product line is beneficial to manufacturers that build custom machinery and parts for a multitude of industries, such as packaging, pharmaceutical, automotive, energy, and medical. Additionally, boring mills are also used to repair and/or rebuild large components. The HBMX boring mill product line consists of four models with X-axis travels of 55, 79, 94, and 120 inches. DCXi Product Line The double column DCX series includes six models in four sizes. Based on two, three, and four-meter X-axis travels, these machining centers are designed to facilitate production of large parts and molds often required by the aerospace, energy, and custom machinery industries. The 3-meter model is available as a five-axis machine equipped with an articulating head. DCX machines are the largest models offered by Hurco that feature the powerful and flexible WinMax control. TMi/TM-Mi Product Line The TM/TM-M product line of slant-bed lathes (horizontal turning centers) is designed for entry-level job shops and contract manufacturers seeking efficient processing of small to medium lot sizes. There is one TM model in four sizes, measured by chuck size: six, eight, ten, and 12 inches. We added motorized tooling on the lathe turret to further enhance the capability of the TM turning centers and designated it as the TM-M product line. These turning centers with live tooling allow our customers to complete a number of secondary milling, drilling, and tapping operations while the part is still held in the chuck after the turning operations are complete, which provides significant productivity gains. The TM-M product line consists of three models: TM8Mi, TM10Mi, and TM12Mi. TMXi Product Line The TMX product line consists of high-performance turning centers. There are six models in two sizes. The TMX-MY models are equipped with an additional axis and motorized live tooling while the TMX-MYS models also have an additional spindle. These products are designed for customers who want to reduce part handling and complete complex components that require speed, accuracy, and superior surface finish in a single set-up. They are available in either eight or ten-inch main chuck sizes. Product Development Since Hurco is the technology and innovation brand of our corporate portfolio, we have focused our attention on product enhancements of existing models in an effort to align the Hurco brand with the newest engineering innovations and components available to compete with other premium brands in the marketplace. Examples of product enhancements completed in fiscal year 2023 include new HSK spindles for our entry level high-speed VM10HSi 3-axis and VM10UHSi 5-axis machines. We also made background enhancements to our WinMax software, focusing on bolstering reliability and optimizing resource management. These improvements are designed to ensure a smoother user experience without interrupting workflow. These efforts collectively enhance software performance and efficiency, providing a more dependable and responsive experience while using WinMax . 
 8 

Milltronics CNC Machine Tools Our Milltronics line of CNC machine tools is designed for excellent value with more standard features for the price versus competitors. We manufacture and sell these machine tools with a fully integrated interactive computer control system called the Milltronics 9000 Series DGI CNC. The control is compatible with G M Code programs (generated from CAD/CAM software) and also features onboard conversational visual aid programming. The Milltronics portfolio consists of the following product lines: VK Series The VK is our CNC knee mill designed for prototype, research and development, maintenance, and other general-purpose applications. It offers the easy table access of a conventional knee mill, with the power and flexibility of the 9000 DGI CNC control and motion system. Unlike most competitive models, it is not a retrofit kit but rather designed from the ground up as a CNC. TRQ/TRM Product Line Products with the TRQ or TRM designation are part of the tool room bed mill category, which are machines that are available without an enclosure (also referred to as open bed machines), that provide easy access to the worktable. Typical applications for these machines include general machining, job shops, prototype, or maintenance and repair. Available with quill-head or rigid-head designs, there are six models in four sizes with X-axis travels of 30, 40, 60 and 78 inches. The 60-inch model is also available with a high-torque option. VM General Purpose (GP) Product Line The VM-GP product line consists of attractively-priced vertical machining centers designed for job shops, prototype, research and development, and other general machining applications. These belt-driven models have 40-taper spindles and are available in four different sizes. Customers can choose models with X-axis travels of 25, 30, 40, or 50 inches. There is also a model with extended spindle nose-to-table dimensions for large fourth-axis rotary applications. VM Inline Performance (IL) Product Line The VM-IL product line consists of moderately-priced performance vertical machining centers for high-speed applications, such as die and mold, aerospace, and medical machining. Featuring heavier castings, faster motion, and inline spindles, these 40-taper machines are available in four sizes. Models include X-axis travels of 30, 42, 50, or 60 inches. VM Extra Power (XP) Product Line The VM-XP product line consists of moderately-priced, vertical machining centers for more demanding metal removal applications, such as castings or forgings. These heavy-duty, 50-taper models are designed for applications that require more power and torque. Customers can choose from three different models with X-axis travels of 50, 60, or 84 inches. BR Product Line The BR product line consists of high-speed bridge mills that are used in pattern shops and the aerospace industry, in addition to job shops, due to the large table and travels that support a wide range of part sizes. BR machines have inline spindles and are available in six models with up to 200 inches in X-axis travel by 80 inches in Y-axis travel. 
 9 

ML Product Line The ML product line consists of combination lathes that the customer can configure for either tool room or production applications with the option to add live tooling. There are 17 models available in a variety of thru hole sizes and in the following six swing-over bed diameters: 17, 19, 23, 27, 36, and 39.7 inches. SL Product Line The SL product line of slant-bed lathes (horizontal turning centers) is designed for entry-level job shops and contract manufacturers seeking efficient processing of small to medium lot sizes. These compact machines are available with chuck sizes of six, eight, and ten inches and support an optional conversational high-efficiency cutting cycle on the control called Bi-Directional Turning, a cutting strategy typically available only with high-end CAD/CAM systems. Product Development In fiscal year 2023, Milltronics introduced the new Inspire CNC control, leveraging patented Hurco intellectual property to enhance cutting precision and surface finish on Milltronics machine tools. Features like rapid retract, leadscrew compensation, and squareness compensation enable customers to maximize their Milltronics machine tool s performance, while the Inspire control offers users a familiar user interface for seamless interaction with the machine. Takumi CNC Machine Tools The Takumi brand features machines designed for applications requiring precision and high speed, high efficiency milling. Market segments that require such applications include die and mold, aerospace, medical, and energy, or any customer that needs to produce very high-accuracy parts quickly. Takumi machines are available with a variety of industry standard CNC controls, including Fanuc , Siemens , Mitsubishi , or Heidenhain . Models include three-axis vertical machining centers with linear guides; three-axis vertical machining centers with box ways; high-speed, double column vertical machining centers; heavy-duty, double-column machining centers; five-axis machining centers and high-speed horizontal machining centers. Takumi machines are hand built and fitted to exacting standards to produce high accuracies and superior surface finishes. The Takumi portfolio consists of the following product lines: PV Series The PV Series are entry-level vertical machining centers yet feature high-performance direct drive spindles and robust roller way technology. PV machines are available in two sizes with X-axis travels of either 26 or 41 inches. They are designed for general purpose and job shop applications. VC Series The VC Series vertical machining centers are fast, three-axis linear guide machining centers designed for customers doing a variety of different parts, including die and mold, medical, automotive, and job shops. The VC machines are available in four sizes with X-axis travels of 34, 42, 50, and 60 inches. An extended Y-axis travel version of the 42-inch model is offered for mold shops making square mold bases. ________________________ Fanuc is a registered trademark of G E Fanuc Automation Americas, Inc. Siemens is a registered trademark of Siemens AG. Mitsubishi is a registered trademark of Mitsubishi Electric Corporation. Heidenhain is a registered trademark of HEIDENHAIN CORPORATION, a wholly-owned subsidiary of the German company DR. JOHANNES HEIDENHAIN GmbH. 
 10 

V Series The V Series vertical machining centers are heavy-duty, box-way machines built for tough applications such as roughing cast iron. These three-axis, massive machines feature belt or geared spindles to provide maximum torque. The V Series product line includes eight models with X-axis travels of 39, 43, 47, 60, 70, 78, 86, and 126 inches. H Series Designed to produce parts that require high precision and superior surface finishes, H Series machines offer an extremely rigid and thermally stable double-column design. These three-axis models feature high-speed, direct-drive spindles, or built-in HSK spindles, with up to 20,000 rpm, in addition to spindle speed options of 24,000 rpm and 36,000 rpm. The H Series product line consists of 11 models with X-axis travels of 24, 40, 49, 63, 86, 126, 157, and 197 inches, with select models available with extended Y-axis travel and/or high-speed spindles. These machines are specifically targeted for die and mold and aerospace customers. U Series Designed with trunnion tables or swivel heads, these five-axis simultaneous machining centers provide versatility, as well as reduce setup time and process time. Most models are offered with a double-column structure for superior stability and performance. The U Series product line consists of six models, four of which offer trunnion table sizes of 10, 16, 24, and 31.5 inches. The UB version is equipped with a B/C swivel head and a 12,000 rpm built-in spindle. Its double-column design provides a spacious X-axis travel of 126 inches. The UR1000 has a two-axis head and a 39-inch rotary table integrated into a double-column machine, designed for large and heavy five-axis parts, such as those found in die and mold, aerospace, and energy applications. G Series Designed specifically for the machining of graphite or copper electrodes used in electrical discharge machining (EDM), G Series machines offer the same extremely rigid and thermally stable double-column design of the H Series with high-speed, direct-drive spindles, or built-in HSK spindles, that have up to 20,000 rpm, but are also equipped with a graphite dust extraction system. The G Series product line consists of three models with X-axis travels of 22, 30, and 40 inches. BC Series BC Series machines are double column, three-axis machining centers designed for heavy cutting and applications that require high power and torque, such as die and mold. These models include a heavy cutting, 6,000 rpm geared-head spindle for maximum cutting power. The BC Series models are available in eight sizes, including X-axis travels of 83, 122, 126, 157 and 197 inches, with several models featuring different choices of Y-axis travel. HMX Series The HMX Series are high-speed horizontal machining centers that are capable of up to 1G acceleration. These models include twin pallets to maximize cutting time along with very fast pallet exchange times and rapid traverse rates. Available in 400, 500, and 630 mm pallet sizes, they can also be fitted with expandable automatic tool changers that hold up to 220 tools. The HMX500 model is available in either #40 or #50 taper spindles. SL Lathes SL slant-bed lathes are turning centers equipped with box ways and designed for heavy cutting to provide superior part finishes. The SL Series includes four models: the SL200 and SL250, both available with ten-inch chucks; the SL300, which has a 12-inch chuck; and the SL450, which has an 18-inch chuck. 
 11 

Product Development In fiscal year 2023, Takumi introduced a #50 taper version of the HMX500 horizontal machining center, for applications that require heavy cutting and more power. Additionally, a new 60 X-travel VC1500 was introduced to the marketplace. Other Computer Control Systems and Software Products The following machine tool computer control systems and software products are sold directly to end-users and/or to other original equipment manufacturers OEMs ). Autobend Our Autobend computer control systems are applied to metal bending press brake machines that form parts from sheet metal and steel plate. They consist of a microprocessor-based computer control and back gauge (an automated gauging system that determines where the bend will be made). We have manufactured and sold the Autobend product line since 1968. We currently market two models of our Autobend computer control systems for press brake machines, in combination with six different back gauges as retrofit units for installation on existing or new press brake machines. Software Products In addition to our standard computer control features, we offer software option products for part programming. These products are sold to users of our Hurco computerized machine tools equipped with our dual touch-screen or single touch-screen consoles featuring WinMax control software. Each international division packages the options as appropriate for its market. The most common options include Advanced Verification Graphics, Solid Model Import with 3D DXF Technology, Swept Surface, DXF Transfer, UltiMonitor, UltiPocket with Helical Ramp Entry and Insert Pockets, Conversational Part and Tool Probing, Tool and Material Library, NC/Conversational Merge, Job List, Automation Job Manager, Stream Load, Active Thermal Compensation, Thread Repair, and Simultaneous Five-Axis Contouring. The Advanced Verification Graphics option displays a picture of the rendered part on the screen of the control that can be viewed from any angle. The detail allows the customer to evaluate how the part is programmed to be machined before cutting commences, which eliminates the need to scrap expensive material. Our Swept Surface software option simplifies programming of 3D contours and significantly reduces programming time. The DXF Transfer software option increases operator productivity because it eliminates manual data entry of part features by transferring AutoCAD drawing files directly into our computer control or into our desktop programming software, WinMax Desktop. Solid Model Import with 3D DXF Technology automatically uses geometry from a 3D CAD model to easily create conversational programs for 2D and 3D parts or even 3+2 and 5-sided parts. ________________________ AutoCAD is a registered trademark of Autodesk, Inc., and/or its subsidiaries/ affiliates in the U.S. and/or other countries. 
 12 

Designed to take advantage of the Internet of Things, UltiMonitor is a web-based productivity, management, and service tool that enables customers to monitor, inspect, and receive notifications about their Hurco machines from any location where they can access the internet. Customers can transfer part designs, receive event notifications via email for text, access diagnostic data, monitor the machine via webcam, and communicate with the machine operator. UltiPocket with Helical Ramp Entry and Insert Pockets automatically calculates the tool path around islands, eliminating the arduous task of plotting these shapes. Islands can also be rotated, scaled, and repeated. Conversational Part and Tool Probing options permit the computerized dimensional measurement of machined parts and the associated cutting tools. This on-machine technique improves the throughput of the measurement process when compared to traditional off-machine approaches. The Tool and Material Library option stores the tool and material information with the machine instead of storing it with each individual part program. The user enters the tool data and geometry one time and chooses the particular tool from the list when it is needed. Additionally, the library reads the part program and automatically locates the tool or displays an alert if the tool does not exist. In addition to saving time, the Tool and Material Library eliminates the need to enter information repeatedly and can prevent common tool crash conditions. NC/Conversational Merge lets the user incorporate conversational features, such as tool probing, pattern operations, and scaling, into existing G-Code programs. Job List provides an intuitive way to group files together and run them sequentially without operator intervention, which promotes automation, lights-out machining, program stitching, file bundling, and adaptive processes. Automation Job Manager is a software feature designed specifically for seamless integration of the Hurco control to our automation package called Job Shop Automation, which promotes intuitive programming of collaborative robots for machine tending applications. Stream Load allows the user to run very large NC files without the need to upload the entire file into the control s memory to avoid exceeding memory limits. Active Thermal Compensation is a feature that uses sensors to measure head casting temperature growth and software that automatically compensates for that growth, improving part accuracy. Thread Repair is a feature for turning applications that provides an efficient way to repair existing threads, which is especially beneficial for large pipes and other parts manufactured for the oil/energy sector. Simultaneous Five-Axis Contouring software enables a five-axis machine to command motion concurrently on all axes. This allows the user to create continuous tool-paths along complex geometries with only a single machine/part setup, providing increased productivity along with the performance benefits of using shorter cutting tools. The sale of simultaneous five-axis contouring software is subject to government export licensing requirements. 
 13 

ProCobots CNC Automation ProCobots provides automation solutions including collaborative robots (cobots), grippers, material handling, and Industry 4.0-capable software and controls. Designed to be easy to use, safe, and flexible, ProCobots solutions are standardized systems aimed at customers who are in high-mix, low- and medium-volume manufacturing environments. Products include portable models, such as the ProFeeder Flex and ProFeeder Table, as well as flexible cell solutions, including the ProFeeder and Easy Desk, and higher volume systems including the ProFeeder Compact, ProFeeder X, and ProFeeder XL models. ProCobots solutions are available for any Hurco, Milltronics, or Takumi machine. LCM Machine Tool Components and Accessories Based in Italy, LCM designs, manufactures, and sells mechanical and electro-mechanical components and accessories for machine tools for a wide variety of machine tool OEMs. LCM s direct drive spindle, swivel head, and rotary torque table are used in the Hurco SRT line of five-axis machining centers to achieve simultaneous five-axis machining. CNC Rotary Tables LCM has several lines of CNC rotary tables for both horizontal and vertical-horizontal positioning. Customers can choose rotary tables with either hydraulic or pneumatic clamping systems. Additionally, LCM offers CNC rotary tables powered by either a torque motor or a high-precision mechanical transmission. CNC Tilt Tables LCM has several lines of CNC tilting rotary tables, intended specifically for five-axis machining centers. Each of the lines is differentiated by the technology used for clamping (hydraulic or pneumatic) and by the type of transmission (either mechanical transmission or torque motor). Swivel Heads and Electro-spindles LCM has two primary lines of swivel heads that enable the spindle axis to be tilted with continuous motion and several electro-spindle (built-in motors for swivel heads) options. The two lines of swivel heads are differentiated by the type of transmission (either mechanical transmission or torque motor). Non-Hurco Branded Products Technologies While our three brands of CNC machine tools, related software products, Autobend , ProCobots, and LCM are responsible for the vast majority of our revenue, we have added certain other non-Hurco OEM products to our portfolio that contribute to our top and bottom line, provide product diversity and market penetration opportunity, and reduce the impact of geographic cyclicality. We believe these non-Hurco branded products help us partially offset the cyclical nature of the machine tool market and potentially reduce the risks associated with expansion into new geographic markets by diversifying our product offering. These non-Hurco branded products are sold by our wholly-owned distributors and are comprised primarily of other general-purpose vertical machining centers and lathes, laser cutting machines, waterjet cutting machines, CNC grinders, compact horizontal machining centers, metal cutting saws, and CNC Swiss lathes. 
 14 

Parts and Service Our service organization provides installation, warranty, operator training, and customer support for our products on a worldwide basis. In the United States, our principal distributors generally have the primary responsibility for machine installation and warranty service and support for product sales. Our service organization also sells software options, computer control upgrades, accessories, and replacement parts for our products. We believe our after-sales parts and service business strengthens our customer relationships and provides continuous information concerning the evolving requirements of end-users. Manufacturing Our computerized metal cutting machine tools are manufactured and assembled to our specifications primarily by our wholly-owned subsidiary in Taiwan (Hurco Manufacturing Limited HML )). HML conducts final assembly operations and is supported by a network of contract suppliers of components and sub-assemblies that manufacture components for our products. Our facility in Ningbo, China (Ningbo Hurco Machine Tool Co. Ltd NHML )) focuses on the machining of castings to support HML s production in Taiwan. The LCM line of electro-mechanical components and accessories for machine tools is designed and manufactured in Italy. Our facility in Indianapolis, Indiana, also conducts final assembly operations for certain Hurco VMX machines, Milltronics IL/XP models, and Milltronics bridge mills for the American market and manufactures certain electro-spindle components for LCM. We have a contract manufacturing agreement for computer control systems with Hurco Automation, Ltd. HAL ), a Taiwanese company in which we have a 35 ownership interest. This company produces all of our computer control systems to our specifications, sources industry standard computer components and our proprietary parts, performs final assembly, and conducts test operations. We work closely with our subsidiaries, key component suppliers, and HAL to ensure that their production capacity will be sufficient to meet the projected demand for our machine tool products. Many of the key components used in our machines can be sourced from multiple suppliers. However, any prolonged interruption of operations or significant reduction in the capacity or performance capability at any of our manufacturing facilities, or at any of our key component suppliers, could have a material adverse effect on our operations. Marketing and Distribution We principally sell our products through approximately 180 independent agents and distributors throughout North and South America (the Americas ), Europe, and Asia. Although some distributors carry competitive products, we are the primary line for the majority of our distributors globally. We also have our own direct sales and service organizations in China, the Czech Republic, France, Germany, India, Italy, the Netherlands, Poland, Singapore, Taiwan, the United Kingdom, and certain parts of the United States , which are among the world s principal machine tool consuming markets. Our selling divisions in the United States have responsibility for the Americas, which includes Canada, Mexico, Central America, South America, and the U.S. 
 15 

Approximately 87 of the worldwide demand for computerized machine tools and computer control systems is outside of the U.S. In fiscal year 2023, approximately 61 of our revenues were derived from customers outside of the Americas. No single end-user or distributor of our products accounted for more than 5 of our total sales and service fees. The end-users of our products are precision tool, die and mold manufacturers, independent job shops, specialized short-run production applications within large manufacturing operations, and manufacturing facilities that focus on medium-to-high run production of large batches of a few types of parts instead of small batches of many different parts. Industries served include aerospace, defense, medical equipment, energy, automotive/transportation, electronics, and computer industries. We also sell our Autobend computer control systems to OEMs of new metal fabrication machine tools that integrate them with their own products prior to the sale of those products to their own customers, to retrofitters of used metal fabrication machine tools that integrate them with those machines as part of the retrofitting operation, and to end-users that have an installed base of metal fabrication machine tools, either with or without related computer control systems. Demand We believe demand for our products is driven by advances in industrial technology and the related demand for automated process improvements. Other factors affecting demand include: the need to continuously improve productivity and shorten cycle time; an aging machine tool installed base that will require replacement with more advanced technology; the industrial development of emerging markets in Latin America, Asia, and Eastern Europe; and the declining supply of skilled machinists. Demand for our products is also highly dependent upon economic conditions and the general level of business confidence, as well as factors such as production capacity utilization and changes in governmental policies regarding tariffs, corporate taxation, fluctuations in foreign currencies, and other investment incentives. Competition We compete with many other machine tool producers in the United States and foreign countries. Most of our competitors are larger and have greater financial resources than us. Major worldwide competitors include DMG Mori Seiki Co., Ltd., Mazak Corporation, Haas Automation, Inc., DN Solutions (formerly Doosan Corporation), Okuma Machinery Works, Ltd., Fryer Machine Systems Inc., ProtoTRAK CNC Machines, Quick Jet Machine, Co., Ltd., Gentiger Machinery Industrial, Co., Ltd., and Yeong Chin Machinery Industries, Co., Ltd. Through our subsidiary LCM, we compete with manufacturers of machine tool components and accessories such as IBAG, Kessler, Peron Speed International, GSA Technology Co., Ltd., and Duplomatic Automation. We strive to compete by developing patentable software and other proprietary features that offer enhanced productivity, technological capabilities, and ease of use. We offer our products in a range of prices and capabilities to target a broad potential market. We also believe that our competitiveness is aided by our reputation for reliability and quality, our strong international sales and distribution organization, and our extensive customer service organization. 
 16 

Intellectual Property We consider the majority of our products to be proprietary. Various features of our Hurco and Milltronics control systems and machine tools employ technologies covered by patents and trademarks that are material to our business. We also own additional patents covering new technologies that we have acquired or developed, and that we are planning to incorporate into our control systems or products in the future. Human Capital Resources Hurco is committed to attracting and retaining the brightest and best talent. Therefore, investing, developing, and maintaining human capital is critical to our success. As of October 31, 2023, Hurco had approximately 716 full-time employees, of which approximately 28 were in the Americas and 72 were in other global regions. As a global industrial technology company, a large number of our employees are engineers or trained trade or technical workers focusing on advanced manufacturing, and many of them hold masters , doctorate, or equivalent advanced degrees. Hurco emphasizes a number of measures and objectives in managing its human capital assets, including, among others, employee safety and wellness, talent acquisition and retention, employee engagement, development, and training, diversity and inclusion, and compensation and pay equity. None of our employees are covered by a collective-bargaining agreement. We have not experienced any employee-generated work stoppages or disruptions, and we consider our employee relations to be satisfactory. Employee Engagement, Development, and Training We encourage and support the growth and development of our employees and, wherever possible, seek to fill positions by promotion and transfer from within the organization. We advance continual learning and career development through ongoing performance and development conversations or evaluations with employees, internally and externally developed training programs, and educational reimbursement programs. In connection with the latter, reimbursement is available to employees enrolled in pre-approved degree or certification programs at accredited institutions that teach skills or knowledge relative to our business or otherwise to the development of the employee s skill set or knowledge base. In addition, we routinely invest in seminar, conference, and other training or continuing education events for our employees. Diversity and Inclusion We are committed to fostering work environments that value and promote diversity and inclusion. This commitment includes a policy to provide equal access to, and participation in, equal employment opportunities, programs, and services without regard to race, religion, color, national origin, disability, sex, sexual orientation, gender identity, stereotypes or assumptions based thereon. We pride ourselves on policies and programs designed for the development and fair treatment of our global workforce, including generous healthcare and benefit programs for our employees, equal employment hiring practices and policies, anti-harassment, workforce safety, and anti-retaliation policies, and implementation of affirmative action programs. We welcome and celebrate our teams differences, experiences, and beliefs, and we are investing in a more engaged, diverse, and inclusive workforce. 
 17 

Ethical Business Practices We also foster a strong corporate culture that promotes high standards of ethics and compliance for our businesses, including policies that set forth principles to guide employee, officer, director, and vendor conduct, such as our Code of Business Conduct and Ethics. We also maintain a whistleblower policy and anonymous hotline for the confidential reporting of any suspected policy violations or unethical business conduct on the part of our businesses, employees, officers, directors, or vendors and provide training and education to our global workforce with respect to our Code of Business Conduct and Ethics and anti-corruption and anti-bribery policies. We intend to disclose any amendment to, or a waiver from, a provision of our Code of Business Conduct and Ethics that applies to our principal executive officer, principal financial officer, principal accounting officer or controller, or persons performing similar functions by posting such information on our website at www.hurco.com . Backlog For information on orders and backlog, see Item 7. Management s Discussion and Analysis of Financial Condition and Results of Operations in this report. Availability of Reports and Other Information Our website can be found at www.hurco.com . We use this website as a means of disclosing pertinent information about the Company, free of charge, including: Annual Reports on Form 10-K, Quarterly Reports on Form 10-Q, proxy materials, Current Reports on Form 8-K, and amendments to those reports filed or furnished pursuant to Section 13(a) or 15(d) of the Securities Exchange Act of 1934, as amended, as soon as reasonably practicable after we electronically file that material with or furnish it to the SEC; Press releases on quarterly earnings, product announcements, legal developments, and other material news that we may post from time to time; Corporate governance information including our Corporate Governance Principles, Code of Business Conduct and Ethics, information concerning our Board of Directors and its committees, including the charters of the Audit Committee, Compensation Committee, Nominating and Governance Committee and other governance-related policies; and Opportunities to sign up for email alerts and RSS feeds to have information provided in real time. The information available on our website is not incorporated by reference in, or a part of, this or any other report we file with, or furnish to, the SEC. 
 18 

Item 1A. RISK FACTORS In this section, we describe what we believe to be the material risks related to our business. The risks and uncertainties described below or elsewhere in this report are not the only ones to which we are exposed. Additional risks and uncertainties not presently known and/or risks we currently deem immaterial may also adversely affect our business and operations. If any of the developments included in the following risks were to occur, our business, financial condition, results of operations, cash flows or prospects could be materially adversely affected. Risks Related to Our Industry and International Operations The cyclical nature of our business causes fluctuations in our operating results. The machine tool industry is highly cyclical and changes in demand can occur abruptly in the geographic markets we serve. As a result of this cyclicality, we have experienced significant fluctuations in our sales, which, in periods of reduced demand, have adversely affected our results of operations and financial condition, which could re-occur in the future. Material adverse developments in global economic conditions, or the occurrence of certain other world events, could negatively affect demand for our products and harm our business. Economic uncertainty and business downturns in the U.S., European, and Asian Pacific markets have adversely affected, and may in the future adversely affect, our results of operations and financial condition. Global economic uncertainty has produced, and continues to produce, substantial stress, volatility, illiquidity, and disruption of global credit and other financial markets. Various factors contribute to the uncertain economic environment, including geopolitical tensions, military conflicts, the level and volatility of interest rates, the level of inflation, the continuing effects of the COVID-19 pandemic, an actual recession or fears of a recession, trade policies and tariffs, and political and governmental instability. Economic uncertainty has and could continue to negatively affect the businesses and purchasing decisions of companies in the industries we serve. Such disruptions present considerable risks to our businesses and operations. As global economic conditions experience stress and negative volatility, or if there is an escalation in regional or global conflicts, or terrorism, we will likely experience reductions in the number of available customers and in capital expenditures by our remaining customers, longer sales cycles, deferral, or delay of purchase commitments for our products and increased price competition, any of which may adversely affect our business, results of operations and liquidity. Our international operations pose additional risks that may adversely impact sales and earnings. During fiscal year 2023, approximately 61 of our revenues were derived from sales to customers located outside of the Americas. In addition, our main manufacturing facilities are located outside of the U.S. Our international operations are subject to a number of risks, including: trade barriers; regional economic uncertainty and nationalistic trade strategies; differing labor regulation; governmental expropriation; domestic and foreign customs and tariffs; current and changing regulatory environments affecting the importation and exportation of products and raw materials; difficulty in obtaining distribution support; 
 19 

difficulty in staffing and managing widespread operations; differences in the availability and terms of financing; political instability and unrest; negative or unforeseen consequences resulting from the introduction, termination, modification, or renegotiation of international trade agreements or treaties or the imposition of countervailing measures or anti-dumping duties or similar tariffs; foreign exchange controls that make it difficult to repatriate earnings and cash; changes in tax regulations and rates in foreign countries; and changes in the geopolitical environment, wars, conflicts, or trade barriers or blockades in the European Union and Asia, which may adversely affect business activity and economic conditions globally and could continue to contribute to instability in global financial and foreign exchange markets, as well as disrupt the free movement of goods, services, and people between countries. Quotas, tariffs, taxes, or other trade barriers could require us to attempt to change manufacturing sources, reduce prices, increase spending on marketing or product development, withdraw from or not enter certain markets, or otherwise take actions that could be adverse to us and/or that we might not be able to accomplish in a timely manner or at all. Also, in some foreign jurisdictions, we may be subject to laws limiting the right and ability of entities organized or operating therein to pay dividends or remit earnings to affiliated companies unless specified conditions are met. These factors may adversely affect our future operating results. The vast majority of our products are shipped from our manufacturing facility in Taiwan from the Port of Taichung to four ports of destination: Los Angeles, California; Tacoma, Washington; Venlo, the Netherlands; and Shanghai, China. Changes in customs requirements, as a result of national security or other constraints put upon these ports, may also have an adverse impact on our results of operations. Similarly, significant delays at one or more of the ports where our products are shipped or received has impacted, and could continue to impact, the amount of time required to ship our products to customers, which could materially adversely impact our business, demand for our products, our ability to meet quoted delivery dates, our results of operations, future operations, and/or financial condition. Additionally, we must comply with complex foreign and U.S. laws and regulations in a multitude of jurisdictions, such as the U.S. Foreign Corrupt Practices Act, the U.K. Bribery Act, other foreign laws prohibiting corrupt payments to governmental officials, and anti-competition regulations. Violations of these laws and regulations could result in fines and penalties, criminal sanctions, tariffs or duties, restrictions on our business conduct and on our ability to offer our products in one or more countries, and could also materially adversely affect our brand, our ability to attract and retain employees, our international operations, our business and our operating results. Although we have implemented policies, procedures, and training designed to ensure compliance with these laws and regulations, there can be no assurance that our employees, contractors, or agents will not violate our policies. Finally, a significant portion of our manufacturing, production, and assembly operations are located in certain limited geographic territories, including the People s Republic of China China and the Republic of China Taiwan ). An unplanned interruption in manufacturing or supply, or significant increase in price from third party suppliers, could have a material adverse effect on our business, results of operations, and financial condition. Such an interruption or increase in price could result from various factors, including a change in the political environment, such as trade wars or tariffs, a natural disaster, such as an earthquake, typhoon, or tsunami, or vulnerabilities in our technology or cyber-attacks against our information systems, such as ransomware attacks. Also, any interruption in service by one of our key component suppliers, if prolonged, could have a material adverse effect on our business, results of operations and financial condition. 
 20 

Additionally, the geopolitical environment and ongoing sovereign relationship between China and Taiwan, including recent heightened tensions between them, could have a material impact on our business. Specifically, if a trade war, tariff, physical or economic blockade, or war ensued and impacted access to or from the Taiwan or Chinese markets or workforce, we could have challenges maintaining production plans or output, accessing the skilled labor necessary to produce our products without interruption, accessing and/or shipping our finished goods, work in progress, or other inventories located in either of those territories, accessing or maintaining our supply base that is located in those territories or elsewhere, and/or otherwise experience significant disruptions in our business. Such disruptions, if prolonged, could have a material adverse effect on our business, results of operations, and financial condition. In such a case, we may be forced to relocate and/or shift production facilities to other geographic territories to mitigate the risks associated with consolidating our manufacturing operations in such territories, which would likely result in disruptions to our production plans and/or our ability to meet forecasted customer demand in the near and medium term, all of which could have a material adverse effect on our business, financial results, future operations, and/or financial position. Fluctuations in the exchange rates between the U.S. dollar and any of several foreign currencies can increase our costs and decrease our revenues. Our sales to customers located outside of the Americas, which generated approximately 61 of our revenues in fiscal year 2023, are invoiced and received in several foreign currencies, primarily the Euro, Pound Sterling and Chinese Yuan. Therefore, our results of operations and financial condition are affected by fluctuations in exchange rates between these currencies and the U.S. dollar, both for purposes of actual conversion and for financial reporting purposes. In addition, we are exposed to exchange risk associated with our purchases of materials and components for our Taiwan manufacturing operations, which are primarily made in the New Taiwan Dollar and the Euro. We hedge a portion of our foreign currency exposure with the purchase of forward exchange contracts. These hedge contracts only mitigate the impact of changes in foreign currency exchange rates that occur during the term of the related contract period and carry risks of counterparty failure. There can be no assurance that our hedges will have their intended effects. We compete with larger companies that have greater financial resources, and our business could be harmed by competitors actions. The markets in which our products are sold are extremely competitive and highly fragmented. In marketing our products, we compete with other manufacturers in terms of quality, reliability, price, value, delivery time, service, and technological characteristics. We compete with a number of U.S., European, and Asian competitors, many of which are larger and have substantially greater financial resources and some of which have been supported by governmental or financial institution subsidies and, therefore, may have competitive advantages over us. Our financial resources are limited compared to those of many of our competitors, making it challenging to remain competitive. 
 21 

Operational and Strategic Risks Our competitive position and prospects for growth may be diminished if we are unable to develop and introduce new and enhanced products on a timely basis that are accepted in the market. The machine tool industry is subject to technological change, evolving industry standards, changing customer requirements, and improvements in and expansion of product offerings. Our ability to anticipate changes in technology, industry standards, customers requirements, and competitors product offerings, and to develop and introduce new and enhanced products on a timely basis that are accepted in the market, are significant factors in maintaining and improving our competitive position and growth prospects, and we may not be able to accomplish those actions on a timely basis or at all. If the technologies or standards used in our products become obsolete or fail to gain widespread commercial acceptance, our business would be materially adversely affected. Developments by others may render our products or technologies obsolete or noncompetitive. Our continued success depends on our ability to protect our intellectual property. Our future success depends, in part, upon our ability to protect our intellectual property. We rely principally on nondisclosure agreements, other contractual arrangements, trade secret law, trademark registration, and patents to protect our intellectual property. However, these measures may be inadequate to protect our intellectual property from infringement by others or to prevent misappropriation of our proprietary rights. In addition, the laws of some foreign countries do not protect proprietary rights to the same extent as do U.S. laws. Our inability to protect our proprietary information and enforce our intellectual property rights through infringement proceedings could have a material adverse effect on our business, financial condition, and results of operations. We are also subject to claims that we may be infringing certain patent or other intellectual property rights of third parties. While it is not possible to predict the outcome of patent and other intellectual property litigation, such litigation could result in our payment of significant monetary damages and/or royalty payments, negatively impact our ability to sell current or future products, reduce the market value of our products and services, lower our profits, and could otherwise have an adverse effect on our business, financial condition, and results of operations. Finally, certain subcontractors, vendors, and third parties provide inputs, components, code, and/or similar items that are complimentary and compatible with our products, software, and controls. If we are unable to secure access and/or rights to any such inputs, components, code, or similar items, our ability to continue to produce our products without interruption could be challenged, which could materially and adversely impact our business, financial condition, results of operation, and demand for our products. 
 22 

Disruptions in our manufacturing operations or the supply of materials and components could adversely affect our business, results of operations and financial condition. We depend on our wholly owned subsidiaries, HML, NHML, Milltronics, and LCM, to produce our machine tools and electro-mechanical components and accessories in Taiwan, China, the U.S., and Italy, respectively. We also depend on our 35 owned affiliate, HAL, and other key third-party suppliers to produce our computer control systems and key components, such as motors and drives, for our machine tools. An unplanned interruption in manufacturing or supply, or a significant increase in price from third party suppliers, would have a material adverse effect on our business, results of operations, and financial condition. Such an interruption or increase in price could result from various factors, including a change in the political environment, such as trade wars or tariffs, military conflicts, a natural disaster, such as an earthquake, typhoon, or tsunami, or vulnerabilities in our technology or cyber-attacks against our information systems, such as ransomware attacks. Any interruption in service by one of our key component suppliers, if prolonged, could have a material adverse effect on our business, results of operations and financial condition. In addition, we may not be able to establish additional or replacement suppliers for such components in a reasonable period of time, or on commercially reasonable terms, if at all, which could result in delays or interruptions in our operations, which would adversely affect our business, results of operations and financial condition. Fluctuations in the price of raw materials and other inputs, especially steel, iron, and energy, could adversely affect our sales, costs, and profitability. We manufacture products with a high iron and steel content. The availability and price for these and other raw materials, as well as for other inputs such as energy, are subject to volatility due to worldwide supply and demand forces, speculative actions, inventory levels, exchange rates, production costs, anticipated or perceived shortages, geopolitical relationships or conflicts, and tariffs or other trade restrictions. In some cases, those cost increases can be passed on to customers in the form of price increases, in other cases, they cannot. If the prices of raw materials and other inputs increase and we are not able to charge our customers higher prices to compensate, our results of operations would be adversely affected. The unanticipated loss of current members of our senior management team and other key personnel may adversely affect our operating results. The unexpected loss of members of our senior management team or other key personnel could impair our ability to carry out our business plan. We believe that our future success will depend, in part, on our ability to attract and retain highly skilled and qualified personnel. The loss of senior management or other key personnel may adversely affect our operating results as we incur costs to replace the departed personnel and potentially lose opportunities in the transition of important job functions. Acquisitions could disrupt our operations and harm our operating results. We actively seek additional opportunities to expand our product offerings or the markets we serve by acquiring other companies, product lines, technologies, and personnel. Acquisitions involve numerous risks, including the following: difficulties integrating the operations, technologies, products, and personnel of an acquired company or being subjected to liability for the target s pre-acquisition activities or operations as a successor in interest; diversion of management s attention from normal daily operations of the business; potential difficulties completing projects associated with in-process research and development; difficulties entering markets in which we have no or limited prior experience, especially when competitors in such markets have stronger market positions; initial dependence on unfamiliar supply chains or relatively small supply partners; insufficient revenues to offset increased expenses associated with acquisitions; and 
 23 

the potential loss of key employees of the acquired companies. Acquisitions may also cause us to: issue common stock that would dilute our current shareholders percentage ownership; borrow and subject us to increasing interest rates; assume or otherwise be subject to liabilities of an acquired company; record goodwill and non-amortizable intangible assets that will be subject to impairment testing on a regular basis and potential periodic impairment charges; incur amortization expenses related to certain intangible assets; incur large acquisition and integration costs, immediate write-offs, and restructuring and other related expenses; and become subject to litigation. Mergers and acquisitions are inherently risky. No assurance can be given that our acquisitions will be successful. Further, no assurance can be given that an acquisition will not adversely affect our business, operating results, or financial condition. Failure to manage and successfully integrate an acquisition could harm our business and operating results in a material way. Even when an acquired company has already developed and marketed products, there can be no assurance that enhancements to those products will be made in a timely manner or that pre-acquisition due diligence will identify all possible issues that might arise with respect to such products or the acquired business. Risks related to new product development also apply to acquisitions. For additional information, please see the risk factor entitled, Due to future changes in technology, changes in market demand, or changes in market expectations, portions of our inventory may become obsolete or excessive. Failure to comply with data privacy and security laws and regulations could adversely affect our operating results and business . A number of U.S. states have enacted data privacy and security laws and regulations that govern the collection, use, disclosure, transfer, storage, disposal, and protection of sensitive personal information, such as social security numbers, financial information, and other personal information. For example, several U.S. territories and all 50 states now have data breach laws that require timely notification to individual victims, and at times regulators, if a company has experienced the unauthorized access or acquisition of sensitive personal data. Other state laws include the California Consumer Privacy Act CCPA ), which gives California residents certain privacy rights in the collection and disclosure of their personal information and requires businesses to make certain disclosures and take certain other acts in furtherance of those rights. Additionally, effective starting January 1, 2023, the California Privacy Rights Act (the CPRA revised and significantly expanded the scope of the CCPA. The CPRA also created a new California data protection agency authorized to implement and enforce the CCPA and the CPRA, which could result in increased privacy and information security regulatory actions. Other states have considered and/or enacted similar privacy laws. We will continue to monitor and assess the impact of these state laws, which may impose substantial penalties for violations, impose significant costs for investigations and compliance, allow private class-action litigation, and carry significant potential liability for our business. 
 24 

Outside of the U.S., data protection laws, including the U.K. and E.U. General Data Protection Regulation (the GDPR ), also apply to some of our operations. Legal requirements in these countries relating to the collection, storage, processing and transfer of personal data continue to evolve. The GDPR imposes, among other things, strict obligations and restrictions on the collection and use of U.K. and E.U. personal data, a requirement for prompt notice of data breaches in certain circumstances, a requirement for implementation of certain approved safeguards (such as the use of approved standard contractual clauses and the performance of appropriate data transfer impact assessments) for transfers of personal data to other countries that have not been determined by the E.U. or the U.K. to provide adequate data privacy protections, and possible substantial fines for any violations. Brazil, India, South Africa, Japan, China, Israel, Canada, and numerous other countries have introduced and, in some cases, enacted, similar data privacy and cyber and data security laws. The interpretation and enforcement of the laws and regulations described above are uncertain and subject to change and may require substantial costs to monitor and implement compliance with any additional requirements. Failure to comply with U.S. and international data protection laws and regulations could result in government enforcement actions (which could include substantial civil and/or criminal penalties), private litigation and/or adverse publicity, and could negatively affect our operating results and business. If our network and system security measures are breached and unauthorized access is obtained to our data, to our employees , customers , or vendors data, or to our critical information technology systems, we may incur legal and financial exposure and liabilities. As part of our business, we store our data and certain data about our employees, customers, and vendors in our information technology systems. If a third party gained unauthorized access to our data, including any data regarding our employees, customers, or vendors, the security breach could expose us to risks, including loss of business, litigation, and possible liability. Our security measures may be breached as a result of third-party action, including intentional misconduct by computer hackers, employee error, malfeasance, or otherwise. Third parties may attempt to fraudulently induce employees or customers into disclosing sensitive information such as usernames, passwords, or other information to gain access to our customers data or our data, including our intellectual property and other confidential business information, or our information technology systems. In addition, given their size and complexity, our information systems could be vulnerable to service interruptions or to security breaches from inadvertent or intentional actions by our employees, third-party vendors, and/or business partners, or from cyber-attacks by malicious third parties attempting to gain unauthorized access to our products, systems, or confidential information. Like other public, multi-national corporations, we have and will continue to be subject to, instances of phishing attacks on our email systems, other cyber-attacks, including state-sponsored cyber-attacks, industrial espionage, insider threats, computer denial-of-service attacks, computer viruses, ransomware, and other malware, wire fraud, or other cyber incidents. The techniques used to obtain unauthorized access, or to sabotage systems, are becoming more sophisticated, frequent, and adaptive, and therefore, we may be unable to anticipate these techniques or to implement adequate preventative measures. Any security breach could result in: the unauthorized publication of our confidential business or proprietary information; the unauthorized release of employee, customer, or vendor data and payment information; a loss of confidence by our customers; damage to our reputation; a disruption to our business; litigation and legal liability; and a negative impact on our future sales. In addition, the cost and operational consequences of implementing further data protection or data restoration measures could be significant. 
 25 

Public health emergencies or outbreaks of epidemics, pandemics, or contagious diseases have disrupted, and could continue to disrupt, our operations and materially and adversely affect our business, financial condition, and results of operations. Widespread public health emergencies or outbreaks of epidemics, pandemics, or contagious diseases, such as the COVID-19 pandemic, have had, and could in the future have, a material adverse effect on our business, financial condition, and results of operations. The full extent to which a global health crisis, such as COVID-19, will impact our business and operating results will depend on future developments that are highly uncertain and cannot be accurately predicted, including new medical and other information that may emerge as a result and the actions by governmental entities or others to contain it or treat its impact. The impacts of a potential resurgence of COVID-19 or other severe global health crisis could pose the risk that we or our employees, suppliers, customers and others may be restricted or prevented from conducting business activities for indefinite or intermittent periods of time, including as a result of employee health and safety concerns, shutdowns, shelter in place orders, travel restrictions and other actions and restrictions that may be prudent or required by governmental authorities. We, our suppliers, and our customers had modified our business practices for the continued health and safety of our employees during the outbreak of COVID-19. If a resurgence of COVID-19 or other severe global health crisis occurs, it could disrupt our ability to deliver and/or install machines, our procurement of supplies for our operations, and our customers purchasing behavior or decisions, including reduced demand for our products that could continue for an extended period of time. Any or all of the foregoing in jurisdictions where we or our customers, suppliers, or business partners are located have had and could in the future have a material adverse effect on our business, results of operations, cash flows, and financial condition. In addition, fluctuations in demand and other implications associated with the COVID-19 pandemic have resulted in, and could continue resulting in, certain supply chain constraints and challenges. Financial, Credit, and Liquidity Risks Due to future changes in technology, changes in market demand, or changes in market expectations, portions of our inventory may become obsolete or excessive. The technology within our products evolves, and we periodically bring new versions of our machines to market. The phasing out of an old product involves estimating the amount of inventory required to satisfy the final demand for those machines and to satisfy future repair part needs. Based on changing customer demand and expectations of delivery times for repair parts, we may find that we have either obsolete or excess inventory on hand. Because of unforeseen future changes in technology, market demand or competition, we might have to write off unusable inventory, which would adversely affect our results of operations. Assets have become, and may become further, impaired, requiring us to record a significant charge to earnings. We review our assets, including intangible assets, for indications of impairment annually and when events or changes in circumstances indicate the carrying value may not be recoverable. We could be required to record a significant charge to earnings in our financial statements for the period in which any impairment of these assets is determined, which would adversely affect our results of operations for that period. 
 26 

We may experience negative or unforeseen tax consequences. We may experience negative or unforeseen tax consequences, which could materially adversely affect our results of operations. We review the probability of the realization of our net deferred tax assets each period based on forecasts of taxable income in both the U.S. and foreign jurisdictions. This review uses historical results, projected future operating results based upon approved business plans, eligible carryforward periods, tax-planning opportunities, and other relevant considerations. Adverse changes in our profitability and financial outlook in the U.S. or foreign jurisdictions may require the creation of a valuation allowance to reduce our net deferred tax assets. Such changes could result in material non-cash expenses in the period in which the changes are made and could have a material adverse impact on our results of operations and financial condition. We also earn a significant amount of our operating income from outside the U.S., and any repatriation of funds representing earnings of foreign subsidiaries may significantly impact our effective tax rates. We are subject to taxes in the U.S. and numerous foreign jurisdictions. Due to economic and political conditions, tax rates in various jurisdictions, including the U.S., may be subject to significant change. Our effective tax rates could be adversely affected by changes in the mix of earnings in countries with differing statutory tax rates, changes in the valuation of deferred tax assets and liabilities, or changes in tax laws or their interpretation, including tax laws in the U.S. Similarly, changes in tax laws or regulations, including those in the U.S., could negatively impact our effective tax rate and results of operations. A change in a statutory tax rate may result in the revaluation of our deferred tax assets and liabilities related to the relevant jurisdiction in which the new tax law is enacted, potentially resulting in a material expense or benefit recorded in our Consolidated Statements of Income for that period. Changes in the tax laws of the jurisdictions where we do business, including an increase in tax rates or an adverse change in the treatment of an item of income or expense, could result in a material increase in our tax expense. For example, changes in the tax laws of foreign jurisdictions [could arise] as a result of the base erosion and profit shifting project undertaken by the Organisation for Economic Co-operation and Development OECD ). The OECD, which represents a coalition of member countries, has recommended changes to numerous long-standing tax principles. These changes, as adopted by countries, could increase tax uncertainty and may adversely affect our provision for income taxes.","Item 7. Management s Discussion and Analysis of Financial Condition and Results of Operations in this report. Availability of Reports and Other Information Our website can be found at www.hurco.com . We use this website as a means of disclosing pertinent information about the Company, free of charge, including: Annual Reports on Form 10-K, Quarterly Reports on Form 10-Q, proxy materials, Current Reports on Form 8-K, and amendments to those reports filed or furnished pursuant to Section 13(a) or 15(d) of the Securities Exchange Act of 1934, as amended, as soon as reasonably practicable after we electronically file that material with or furnish it to the SEC; Press releases on quarterly earnings, product announcements, legal developments, and other material news that we may post from time to time; Corporate governance information including our Corporate Governance Principles, Code of Business Conduct and Ethics, information concerning our Board of Directors and its committees, including the charters of the Audit Committee, Compensation Committee, Nominating and Governance Committee and other governance-related policies; and Opportunities to sign up for email alerts and RSS feeds to have information provided in real time. The information available on our website is not incorporated by reference in, or a part of, this or any other report we file with, or furnish to, the SEC. 
 18 

Item 1A. RISK FACTORS In this section, we describe what we believe to be the material risks related to our business. The risks and uncertainties described below or elsewhere in this report are not the only ones to which we are exposed. Additional risks and uncertainties not presently known and/or risks we currently deem immaterial may also adversely affect our business and operations. If any of the developments included in the following risks were to occur, our business, financial condition, results of operations, cash flows or prospects could be materially adversely affected. Risks Related to Our Industry and International Operations The cyclical nature of our business causes fluctuations in our operating results. The machine tool industry is highly cyclical and changes in demand can occur abruptly in the geographic markets we serve. As a result of this cyclicality, we have experienced significant fluctuations in our sales, which, in periods of reduced demand, have adversely affected our results of operations and financial condition, which could re-occur in the future. Material adverse developments in global economic conditions, or the occurrence of certain other world events, could negatively affect demand for our products and harm our business. Economic uncertainty and business downturns in the U.S., European, and Asian Pacific markets have adversely affected, and may in the future adversely affect, our results of operations and financial condition. Global economic uncertainty has produced, and continues to produce, substantial stress, volatility, illiquidity, and disruption of global credit and other financial markets. Various factors contribute to the uncertain economic environment, including geopolitical tensions, military conflicts, the level and volatility of interest rates, the level of inflation, the continuing effects of the COVID-19 pandemic, an actual recession or fears of a recession, trade policies and tariffs, and political and governmental instability. Economic uncertainty has and could continue to negatively affect the businesses and purchasing decisions of companies in the industries we serve. Such disruptions present considerable risks to our businesses and operations. As global economic conditions experience stress and negative volatility, or if there is an escalation in regional or global conflicts, or terrorism, we will likely experience reductions in the number of available customers and in capital expenditures by our remaining customers, longer sales cycles, deferral, or delay of purchase commitments for our products and increased price competition, any of which may adversely affect our business, results of operations and liquidity. Our international operations pose additional risks that may adversely impact sales and earnings. During fiscal year 2023, approximately 61 of our revenues were derived from sales to customers located outside of the Americas. In addition, our main manufacturing facilities are located outside of the U.S. Our international operations are subject to a number of risks, including: trade barriers; regional economic uncertainty and nationalistic trade strategies; differing labor regulation; governmental expropriation; domestic and foreign customs and tariffs; current and changing regulatory environments affecting the importation and exportation of products and raw materials; difficulty in obtaining distribution support; 
 19 

difficulty in staffing and managing widespread operations; differences in the availability and terms of financing; political instability and unrest; negative or unforeseen consequences resulting from the introduction, termination, modification, or renegotiation of international trade agreements or treaties or the imposition of countervailing measures or anti-dumping duties or similar tariffs; foreign exchange controls that make it difficult to repatriate earnings and cash; changes in tax regulations and rates in foreign countries; and changes in the geopolitical environment, wars, conflicts, or trade barriers or blockades in the European Union and Asia, which may adversely affect business activity and economic conditions globally and could continue to contribute to instability in global financial and foreign exchange markets, as well as disrupt the free movement of goods, services, and people between countries. Quotas, tariffs, taxes, or other trade barriers could require us to attempt to change manufacturing sources, reduce prices, increase spending on marketing or product development, withdraw from or not enter certain markets, or otherwise take actions that could be adverse to us and/or that we might not be able to accomplish in a timely manner or at all. Also, in some foreign jurisdictions, we may be subject to laws limiting the right and ability of entities organized or operating therein to pay dividends or remit earnings to affiliated companies unless specified conditions are met. These factors may adversely affect our future operating results. The vast majority of our products are shipped from our manufacturing facility in Taiwan from the Port of Taichung to four ports of destination: Los Angeles, California; Tacoma, Washington; Venlo, the Netherlands; and Shanghai, China. Changes in customs requirements, as a result of national security or other constraints put upon these ports, may also have an adverse impact on our results of operations. Similarly, significant delays at one or more of the ports where our products are shipped or received has impacted, and could continue to impact, the amount of time required to ship our products to customers, which could materially adversely impact our business, demand for our products, our ability to meet quoted delivery dates, our results of operations, future operations, and/or financial condition. Additionally, we must comply with complex foreign and U.S. laws and regulations in a multitude of jurisdictions, such as the U.S. Foreign Corrupt Practices Act, the U.K. Bribery Act, other foreign laws prohibiting corrupt payments to governmental officials, and anti-competition regulations. Violations of these laws and regulations could result in fines and penalties, criminal sanctions, tariffs or duties, restrictions on our business conduct and on our ability to offer our products in one or more countries, and could also materially adversely affect our brand, our ability to attract and retain employees, our international operations, our business and our operating results. Although we have implemented policies, procedures, and training designed to ensure compliance with these laws and regulations, there can be no assurance that our employees, contractors, or agents will not violate our policies. Finally, a significant portion of our manufacturing, production, and assembly operations are located in certain limited geographic territories, including the People s Republic of China China and the Republic of China Taiwan ). An unplanned interruption in manufacturing or supply, or significant increase in price from third party suppliers, could have a material adverse effect on our business, results of operations, and financial condition. Such an interruption or increase in price could result from various factors, including a change in the political environment, such as trade wars or tariffs, a natural disaster, such as an earthquake, typhoon, or tsunami, or vulnerabilities in our technology or cyber-attacks against our information systems, such as ransomware attacks. Also, any interruption in service by one of our key component suppliers, if prolonged, could have a material adverse effect on our business, results of operations and financial condition. 
 20 

Additionally, the geopolitical environment and ongoing sovereign relationship between China and Taiwan, including recent heightened tensions between them, could have a material impact on our business. Specifically, if a trade war, tariff, physical or economic blockade, or war ensued and impacted access to or from the Taiwan or Chinese markets or workforce, we could have challenges maintaining production plans or output, accessing the skilled labor necessary to produce our products without interruption, accessing and/or shipping our finished goods, work in progress, or other inventories located in either of those territories, accessing or maintaining our supply base that is located in those territories or elsewhere, and/or otherwise experience significant disruptions in our business. Such disruptions, if prolonged, could have a material adverse effect on our business, results of operations, and financial condition. In such a case, we may be forced to relocate and/or shift production facilities to other geographic territories to mitigate the risks associated with consolidating our manufacturing operations in such territories, which would likely result in disruptions to our production plans and/or our ability to meet forecasted customer demand in the near and medium term, all of which could have a material adverse effect on our business, financial results, future operations, and/or financial position. Fluctuations in the exchange rates between the U.S. dollar and any of several foreign currencies can increase our costs and decrease our revenues. Our sales to customers located outside of the Americas, which generated approximately 61 of our revenues in fiscal year 2023, are invoiced and received in several foreign currencies, primarily the Euro, Pound Sterling and Chinese Yuan. Therefore, our results of operations and financial condition are affected by fluctuations in exchange rates between these currencies and the U.S. dollar, both for purposes of actual conversion and for financial reporting purposes. In addition, we are exposed to exchange risk associated with our purchases of materials and components for our Taiwan manufacturing operations, which are primarily made in the New Taiwan Dollar and the Euro. We hedge a portion of our foreign currency exposure with the purchase of forward exchange contracts. These hedge contracts only mitigate the impact of changes in foreign currency exchange rates that occur during the term of the related contract period and carry risks of counterparty failure. There can be no assurance that our hedges will have their intended effects. We compete with larger companies that have greater financial resources, and our business could be harmed by competitors actions. The markets in which our products are sold are extremely competitive and highly fragmented. In marketing our products, we compete with other manufacturers in terms of quality, reliability, price, value, delivery time, service, and technological characteristics. We compete with a number of U.S., European, and Asian competitors, many of which are larger and have substantially greater financial resources and some of which have been supported by governmental or financial institution subsidies and, therefore, may have competitive advantages over us. Our financial resources are limited compared to those of many of our competitors, making it challenging to remain competitive. 
 21 

Operational and Strategic Risks Our competitive position and prospects for growth may be diminished if we are unable to develop and introduce new and enhanced products on a timely basis that are accepted in the market. The machine tool industry is subject to technological change, evolving industry standards, changing customer requirements, and improvements in and expansion of product offerings. Our ability to anticipate changes in technology, industry standards, customers requirements, and competitors product offerings, and to develop and introduce new and enhanced products on a timely basis that are accepted in the market, are significant factors in maintaining and improving our competitive position and growth prospects, and we may not be able to accomplish those actions on a timely basis or at all. If the technologies or standards used in our products become obsolete or fail to gain widespread commercial acceptance, our business would be materially adversely affected. Developments by others may render our products or technologies obsolete or noncompetitive. Our continued success depends on our ability to protect our intellectual property. Our future success depends, in part, upon our ability to protect our intellectual property. We rely principally on nondisclosure agreements, other contractual arrangements, trade secret law, trademark registration, and patents to protect our intellectual property. However, these measures may be inadequate to protect our intellectual property from infringement by others or to prevent misappropriation of our proprietary rights. In addition, the laws of some foreign countries do not protect proprietary rights to the same extent as do U.S. laws. Our inability to protect our proprietary information and enforce our intellectual property rights through infringement proceedings could have a material adverse effect on our business, financial condition, and results of operations. We are also subject to claims that we may be infringing certain patent or other intellectual property rights of third parties. While it is not possible to predict the outcome of patent and other intellectual property litigation, such litigation could result in our payment of significant monetary damages and/or royalty payments, negatively impact our ability to sell current or future products, reduce the market value of our products and services, lower our profits, and could otherwise have an adverse effect on our business, financial condition, and results of operations. Finally, certain subcontractors, vendors, and third parties provide inputs, components, code, and/or similar items that are complimentary and compatible with our products, software, and controls. If we are unable to secure access and/or rights to any such inputs, components, code, or similar items, our ability to continue to produce our products without interruption could be challenged, which could materially and adversely impact our business, financial condition, results of operation, and demand for our products. 
 22 

Disruptions in our manufacturing operations or the supply of materials and components could adversely affect our business, results of operations and financial condition. We depend on our wholly owned subsidiaries, HML, NHML, Milltronics, and LCM, to produce our machine tools and electro-mechanical components and accessories in Taiwan, China, the U.S., and Italy, respectively. We also depend on our 35 owned affiliate, HAL, and other key third-party suppliers to produce our computer control systems and key components, such as motors and drives, for our machine tools. An unplanned interruption in manufacturing or supply, or a significant increase in price from third party suppliers, would have a material adverse effect on our business, results of operations, and financial condition. Such an interruption or increase in price could result from various factors, including a change in the political environment, such as trade wars or tariffs, military conflicts, a natural disaster, such as an earthquake, typhoon, or tsunami, or vulnerabilities in our technology or cyber-attacks against our information systems, such as ransomware attacks. Any interruption in service by one of our key component suppliers, if prolonged, could have a material adverse effect on our business, results of operations and financial condition. In addition, we may not be able to establish additional or replacement suppliers for such components in a reasonable period of time, or on commercially reasonable terms, if at all, which could result in delays or interruptions in our operations, which would adversely affect our business, results of operations and financial condition. Fluctuations in the price of raw materials and other inputs, especially steel, iron, and energy, could adversely affect our sales, costs, and profitability. We manufacture products with a high iron and steel content. The availability and price for these and other raw materials, as well as for other inputs such as energy, are subject to volatility due to worldwide supply and demand forces, speculative actions, inventory levels, exchange rates, production costs, anticipated or perceived shortages, geopolitical relationships or conflicts, and tariffs or other trade restrictions. In some cases, those cost increases can be passed on to customers in the form of price increases, in other cases, they cannot. If the prices of raw materials and other inputs increase and we are not able to charge our customers higher prices to compensate, our results of operations would be adversely affected. The unanticipated loss of current members of our senior management team and other key personnel may adversely affect our operating results. The unexpected loss of members of our senior management team or other key personnel could impair our ability to carry out our business plan. We believe that our future success will depend, in part, on our ability to attract and retain highly skilled and qualified personnel. The loss of senior management or other key personnel may adversely affect our operating results as we incur costs to replace the departed personnel and potentially lose opportunities in the transition of important job functions. Acquisitions could disrupt our operations and harm our operating results. We actively seek additional opportunities to expand our product offerings or the markets we serve by acquiring other companies, product lines, technologies, and personnel. Acquisitions involve numerous risks, including the following: difficulties integrating the operations, technologies, products, and personnel of an acquired company or being subjected to liability for the target s pre-acquisition activities or operations as a successor in interest; diversion of management s attention from normal daily operations of the business; potential difficulties completing projects associated with in-process research and development; difficulties entering markets in which we have no or limited prior experience, especially when competitors in such markets have stronger market positions; initial dependence on unfamiliar supply chains or relatively small supply partners; insufficient revenues to offset increased expenses associated with acquisitions; and 
 23 

the potential loss of key employees of the acquired companies. Acquisitions may also cause us to: issue common stock that would dilute our current shareholders percentage ownership; borrow and subject us to increasing interest rates; assume or otherwise be subject to liabilities of an acquired company; record goodwill and non-amortizable intangible assets that will be subject to impairment testing on a regular basis and potential periodic impairment charges; incur amortization expenses related to certain intangible assets; incur large acquisition and integration costs, immediate write-offs, and restructuring and other related expenses; and become subject to litigation. Mergers and acquisitions are inherently risky. No assurance can be given that our acquisitions will be successful. Further, no assurance can be given that an acquisition will not adversely affect our business, operating results, or financial condition. Failure to manage and successfully integrate an acquisition could harm our business and operating results in a material way. Even when an acquired company has already developed and marketed products, there can be no assurance that enhancements to those products will be made in a timely manner or that pre-acquisition due diligence will identify all possible issues that might arise with respect to such products or the acquired business. Risks related to new product development also apply to acquisitions. For additional information, please see the risk factor entitled, Due to future changes in technology, changes in market demand, or changes in market expectations, portions of our inventory may become obsolete or excessive. Failure to comply with data privacy and security laws and regulations could adversely affect our operating results and business . A number of U.S. states have enacted data privacy and security laws and regulations that govern the collection, use, disclosure, transfer, storage, disposal, and protection of sensitive personal information, such as social security numbers, financial information, and other personal information. For example, several U.S. territories and all 50 states now have data breach laws that require timely notification to individual victims, and at times regulators, if a company has experienced the unauthorized access or acquisition of sensitive personal data. Other state laws include the California Consumer Privacy Act CCPA ), which gives California residents certain privacy rights in the collection and disclosure of their personal information and requires businesses to make certain disclosures and take certain other acts in furtherance of those rights. Additionally, effective starting January 1, 2023, the California Privacy Rights Act (the CPRA revised and significantly expanded the scope of the CCPA. The CPRA also created a new California data protection agency authorized to implement and enforce the CCPA and the CPRA, which could result in increased privacy and information security regulatory actions. Other states have considered and/or enacted similar privacy laws. We will continue to monitor and assess the impact of these state laws, which may impose substantial penalties for violations, impose significant costs for investigations and compliance, allow private class-action litigation, and carry significant potential liability for our business. 
 24 

Outside of the U.S., data protection laws, including the U.K. and E.U. General Data Protection Regulation (the GDPR ), also apply to some of our operations. Legal requirements in these countries relating to the collection, storage, processing and transfer of personal data continue to evolve. The GDPR imposes, among other things, strict obligations and restrictions on the collection and use of U.K. and E.U. personal data, a requirement for prompt notice of data breaches in certain circumstances, a requirement for implementation of certain approved safeguards (such as the use of approved standard contractual clauses and the performance of appropriate data transfer impact assessments) for transfers of personal data to other countries that have not been determined by the E.U. or the U.K. to provide adequate data privacy protections, and possible substantial fines for any violations. Brazil, India, South Africa, Japan, China, Israel, Canada, and numerous other countries have introduced and, in some cases, enacted, similar data privacy and cyber and data security laws. The interpretation and enforcement of the laws and regulations described above are uncertain and subject to change and may require substantial costs to monitor and implement compliance with any additional requirements. Failure to comply with U.S. and international data protection laws and regulations could result in government enforcement actions (which could include substantial civil and/or criminal penalties), private litigation and/or adverse publicity, and could negatively affect our operating results and business. If our network and system security measures are breached and unauthorized access is obtained to our data, to our employees , customers , or vendors data, or to our critical information technology systems, we may incur legal and financial exposure and liabilities. As part of our business, we store our data and certain data about our employees, customers, and vendors in our information technology systems. If a third party gained unauthorized access to our data, including any data regarding our employees, customers, or vendors, the security breach could expose us to risks, including loss of business, litigation, and possible liability. Our security measures may be breached as a result of third-party action, including intentional misconduct by computer hackers, employee error, malfeasance, or otherwise. Third parties may attempt to fraudulently induce employees or customers into disclosing sensitive information such as usernames, passwords, or other information to gain access to our customers data or our data, including our intellectual property and other confidential business information, or our information technology systems. In addition, given their size and complexity, our information systems could be vulnerable to service interruptions or to security breaches from inadvertent or intentional actions by our employees, third-party vendors, and/or business partners, or from cyber-attacks by malicious third parties attempting to gain unauthorized access to our products, systems, or confidential information. Like other public, multi-national corporations, we have and will continue to be subject to, instances of phishing attacks on our email systems, other cyber-attacks, including state-sponsored cyber-attacks, industrial espionage, insider threats, computer denial-of-service attacks, computer viruses, ransomware, and other malware, wire fraud, or other cyber incidents. The techniques used to obtain unauthorized access, or to sabotage systems, are becoming more sophisticated, frequent, and adaptive, and therefore, we may be unable to anticipate these techniques or to implement adequate preventative measures. Any security breach could result in: the unauthorized publication of our confidential business or proprietary information; the unauthorized release of employee, customer, or vendor data and payment information; a loss of confidence by our customers; damage to our reputation; a disruption to our business; litigation and legal liability; and a negative impact on our future sales. In addition, the cost and operational consequences of implementing further data protection or data restoration measures could be significant. 
 25 

Public health emergencies or outbreaks of epidemics, pandemics, or contagious diseases have disrupted, and could continue to disrupt, our operations and materially and adversely affect our business, financial condition, and results of operations. Widespread public health emergencies or outbreaks of epidemics, pandemics, or contagious diseases, such as the COVID-19 pandemic, have had, and could in the future have, a material adverse effect on our business, financial condition, and results of operations. The full extent to which a global health crisis, such as COVID-19, will impact our business and operating results will depend on future developments that are highly uncertain and cannot be accurately predicted, including new medical and other information that may emerge as a result and the actions by governmental entities or others to contain it or treat its impact. The impacts of a potential resurgence of COVID-19 or other severe global health crisis could pose the risk that we or our employees, suppliers, customers and others may be restricted or prevented from conducting business activities for indefinite or intermittent periods of time, including as a result of employee health and safety concerns, shutdowns, shelter in place orders, travel restrictions and other actions and restrictions that may be prudent or required by governmental authorities. We, our suppliers, and our customers had modified our business practices for the continued health and safety of our employees during the outbreak of COVID-19. If a resurgence of COVID-19 or other severe global health crisis occurs, it could disrupt our ability to deliver and/or install machines, our procurement of supplies for our operations, and our customers purchasing behavior or decisions, including reduced demand for our products that could continue for an extended period of time. Any or all of the foregoing in jurisdictions where we or our customers, suppliers, or business partners are located have had and could in the future have a material adverse effect on our business, results of operations, cash flows, and financial condition. In addition, fluctuations in demand and other implications associated with the COVID-19 pandemic have resulted in, and could continue resulting in, certain supply chain constraints and challenges. Financial, Credit, and Liquidity Risks Due to future changes in technology, changes in market demand, or changes in market expectations, portions of our inventory may become obsolete or excessive. The technology within our products evolves, and we periodically bring new versions of our machines to market. The phasing out of an old product involves estimating the amount of inventory required to satisfy the final demand for those machines and to satisfy future repair part needs. Based on changing customer demand and expectations of delivery times for repair parts, we may find that we have either obsolete or excess inventory on hand. Because of unforeseen future changes in technology, market demand or competition, we might have to write off unusable inventory, which would adversely affect our results of operations. Assets have become, and may become further, impaired, requiring us to record a significant charge to earnings. We review our assets, including intangible assets, for indications of impairment annually and when events or changes in circumstances indicate the carrying value may not be recoverable. We could be required to record a significant charge to earnings in our financial statements for the period in which any impairment of these assets is determined, which would adversely affect our results of operations for that period. 
 26 

We may experience negative or unforeseen tax consequences. We may experience negative or unforeseen tax consequences, which could materially adversely affect our results of operations. We review the probability of the realization of our net deferred tax assets each period based on forecasts of taxable income in both the U.S. and foreign jurisdictions. This review uses historical results, projected future operating results based upon approved business plans, eligible carryforward periods, tax-planning opportunities, and other relevant considerations. Adverse changes in our profitability and financial outlook in the U.S. or foreign jurisdictions may require the creation of a valuation allowance to reduce our net deferred tax assets. Such changes could result in material non-cash expenses in the period in which the changes are made and could have a material adverse impact on our results of operations and financial condition. We also earn a significant amount of our operating income from outside the U.S., and any repatriation of funds representing earnings of foreign subsidiaries may significantly impact our effective tax rates. We are subject to taxes in the U.S. and numerous foreign jurisdictions. Due to economic and political conditions, tax rates in various jurisdictions, including the U.S., may be subject to significant change. Our effective tax rates could be adversely affected by changes in the mix of earnings in countries with differing statutory tax rates, changes in the valuation of deferred tax assets and liabilities, or changes in tax laws or their interpretation, including tax laws in the U.S. Similarly, changes in tax laws or regulations, including those in the U.S., could negatively impact our effective tax rate and results of operations. A change in a statutory tax rate may result in the revaluation of our deferred tax assets and liabilities related to the relevant jurisdiction in which the new tax law is enacted, potentially resulting in a material expense or benefit recorded in our Consolidated Statements of Income for that period. Changes in the tax laws of the jurisdictions where we do business, including an increase in tax rates or an adverse change in the treatment of an item of income or expense, could result in a material increase in our tax expense. For example, changes in the tax laws of foreign jurisdictions [could arise] as a result of the base erosion and profit shifting project undertaken by the Organisation for Economic Co-operation and Development OECD ). The OECD, which represents a coalition of member countries, has recommended changes to numerous long-standing tax principles. These changes, as adopted by countries, could increase tax uncertainty and may adversely affect our provision for income taxes. Item 1B. UNRESOLVED STAFF COMMENTS None. 
 27 

Item 2. PROPERTIES The following table sets forth the principal use, location, and size of each of our facilities: 

Principal Uses Locations Square Footage Corporate headquarters, design and engineering, product testing, sales and marketing, application engineering, customer service, manufacturing and assembly Indianapolis, Indiana, U.S. 184,200 Manufacturing, assembly, sales, application engineering and customer service Taichung, Taiwan 485,100 Castell Alfero, Italy 32,300 Manufacturing Ningbo, China 31,000 Sales, application engineering, customer service, and warehousing High Wycombe, England 26,300 Paris, France 12,800 Munich and Verl, Germany 20,900 Milan, Italy 12,900 Venlo, the Netherlands 9,700 Toh Guan, Singapore 5,600 Shanghai, Dongguan and Kunshan, China 9,700 Chennai and Pune, India 16,700 Liegnitz, Poland 1,000 Grand Rapids, Michigan, U.S. 3,700 Los Angeles, California, U.S. 11,400 Stritez, the Czech Republic 5,500 We own the Indianapolis facility and lease all other facilities. The leases have terms expiring at various dates ranging from January 2024 to July 2032. We believe that all of our facilities are well maintained and are adequate for our needs now and in the foreseeable future. We do not believe that we would experience significant difficulty in replacing any of the currently leased facilities if any of our leases were not renewed at expiration. 
 28 

Item 3. LEGAL PROCEEDINGS From time to time, we are involved in various claims and lawsuits arising in the normal course of business. Pursuant to applicable accounting rules, we accrue the minimum liability for each known claim when the estimated outcome is a range of possible loss and no one amount within that range is more likely than another. We maintain insurance policies for such matters, and we record insurance recoveries when we determine such recovery to be probable. We do not expect any of these claims, individually or in the aggregate, to have a material adverse effect on our consolidated financial position or results of operations. We believe that the ultimate resolution of claims for any losses will not exceed our insurance policy coverages. Item 4. MINE SAFETY DISCLOSURES None. Information about our Executive Officers Executive officers are appointed each year by the Board of Directors following the Annual Meeting of Shareholders to serve during the ensuing year and until their respective successors are elected and qualified. There are no family relationships between any of our executive officers or between any of them and any of the members of the Board of Directors. The following information sets forth as of October 31, 2023, the name of each executive officer and his or her age, tenure as an officer, principal occupation, and business experience: 

Name Age Position(s) with the Company Michael Doar 68 Executive Chairman of the Board Gregory S. Volovic 59 Director, President, and Chief Executive Officer Sonja K. McClelland 52 Executive Vice President, Treasurer and Chief Financial Officer HaiQuynh Jamison 45 Corporate Controller and Principal Accounting Officer Jonathon D. Wright 41 General Counsel and Corporate Secretary Michael Doar has been employed by us since November 2001 and has been a member of our Board of Directors since 2000. Mr. Doar was appointed as Executive Chairman of the Board in March 2021 and previously served as our Chairman of the Board and Chief Executive Officer from November 2001 to March 2021. Mr. Doar held various management positions with Ingersoll Milling Machine Company from 1989 until 2001. Gregory S. Volovic has been employed by us since March 2005 and has been a member of our Board of Directors since March 2019. Mr. Volovic was appointed as our President in March 2013, and he served as our Chief Operating Officer from March 2019 until he was appointed as our Chief Executive Officer in March 2021. Prior to becoming President in 2013, Mr. Volovic held various positions within our company including Vice President Software Controls, Executive Vice President Engineering Technology, and Executive Vice President Engineering Manufacturing Operations. Prior to joining us, Mr. Volovic held various positions with Thomson, Inc. including Director of E-Business, Engineering, and Information Technology. Prior to Thomson, Mr. Volovic was employed by Unisys Corporation. 
 29 

Sonja K. McClelland has been employed by us since September 1996 and was appointed as Vice President, Treasurer and Chief Financial Officer in 2014, then as Executive Vice President in March 2017. She also served as our Corporate Secretary from 2014 until March 2021. Ms. McClelland has been an executive officer of our company since 2004 when she was appointed as Principal Accounting Officer, Corporate Controller and Assistant Secretary. Ms. McClelland held various finance and accounting roles with us between 1996 and 2004. Prior to joining us, Ms. McClelland was employed by Arthur Andersen LLP. HaiQuynh Jamison has been employed by us since March 2006 and was appointed as Corporate Controller and Principal Accounting Officer in March 2021. Prior to her appointment as Corporate Controller, Ms. Jamison served as the Director of Financial Reporting and Policy from 2014 to 2021 and as Corporate Accounting Manager then Division Controller from 2006 to 2014. Prior to joining us, Ms. Jamison was employed by various international public accounting firms, including Ernst Young Global Limited and PricewaterhouseCoopers International Limited. Jonathon D. Wright has been employed by us since September 2016, was appointed as Corporate Secretary in March 2021, and has served as our General Counsel since 2016. Prior to joining us, Mr. Wright served as an attorney for Dentons Bingham Greenebaum LLP, specializing in corporate law, mergers and acquisitions, capital formation, and complex commercial transactions. PART II Item 5. MARKET FOR REGISTRANT S COMMON EQUITY, RELATED STOCKHOLDER MATTERS AND ISSUER PURCHASES OF EQUITY SECURITIES Market Information Our common stock is traded on the Nasdaq Global Select Market under the symbol HURC . Holders There were 119 holders of record of our common stock as of December 14, 2023. Dividend Policy We began declaring cash dividends on our common stock in the third quarter of fiscal year 2013, and we expect to continue to declare dividends on a quarterly basis; however, the declaration and amount of any future cash dividends will be subject to the sole discretion of our Board of Directors and will depend upon many factors, including our results of operations, financial condition, capital requirements, regulatory and contractual restrictions, our business strategy and other factors deemed relevant by our Board of Directors from time to time. Our payment of dividends is limited by our U.S. credit agreement, as further described in Item 7. Management s Discussion and Analysis of Financial Condition and Results of Operations and in Note 4 of Notes to Consolidated Financial Statements. 
 30 

Other Information During the period covered by this report, we did not sell any equity securities that were not registered under the Securities Act of 1933, as amended. The disclosure under the caption Equity Compensation Plan Information at 2023 Fiscal Year End in our 2024 proxy statement is incorporated by reference in Item 12. Security Ownership of Certain Beneficial Owners and Management and Related Stockholder Matters. The performance graph information is included in Item 9B. Other Information. Item 6. RESERVED Item 7. MANAGEMENT S DISCUSSION AND ANALYSIS OF FINANCIAL CONDITION AND RESULTS OF OPERATIONS The following Management s Discussion and Analysis of Financial Condition and Results of Operations MD A contains information intended to help provide an understanding of our financial condition and other related matters, including our liquidity, capital resources and results of operations. The MD A is provided as a supplement to, and should be read in conjunction with, our consolidated financial statements and the notes thereto included elsewhere in this report. The following MD A generally focuses on the operating results and year-over-year comparisons between fiscal years 2023 and 2022. Discussion of fiscal year 2021 results and year-over-year comparisons between fiscal years 2022 and 2021 that are not included in this Annual Report on Form 10-K can be found in Management s Discussion and Analysis of Financial Condition and Results of Operations in Part II, Item 7 of our Annual Report on Form 10-K for the fiscal year ended October 31, 2022, filed with the SEC on January 6, 2023. EXECUTIVE OVERVIEW Hurco Companies, Inc. is an international, industrial technology company operating in a single segment. We design, manufacture, and sell computerized (i.e., CNC) machine tools, consisting primarily of vertical machining centers (mills) and turning centers (lathes), to companies in the metal cutting industry through a worldwide sales, service, and distribution network. Although the majority of our computer control systems and software products are proprietary, they predominantly use industry standard personal computer components. Our computer control systems and software products are primarily sold as integral components of our computerized machine tool products. We also provide machine tool components, automation integration equipment and solutions for job shops, software options, control upgrades, accessories and replacement parts for our products, as well as customer service, training, and applications support. The following overview is intended to provide a brief explanation of the principal factors that have contributed to our recent financial performance. This overview is intended to be read in conjunction with the more detailed information included in our financial statements, and notes thereto, that appear elsewhere in this report. 
 31 

The market for machine tools is international in scope. We have both significant foreign sales and significant foreign manufacturing operations. During fiscal year 2023, approximately 53 of our revenues were attributable to customers in Europe, where we typically sell more of our higher-performance VMX series machines. Additionally, approximately 8 of our revenues were attributable to customers in the Asia Pacific region, where we encounter greater pricing pressures. We have three brands of CNC machine tools in our product portfolio. Hurco is the technology innovation brand for customers who want to increase productivity and profitability by selecting a brand with the latest software and motion technology. Milltronics is the value-based brand for shops that want easy-to-use machines at competitive prices. The Takumi brand is for customers that need very high speed, high efficiency performance, such as that required in the production, die and mold, aerospace, and medical industries. Takumi machines are equipped with industry standard controls instead of the proprietary controls found on Hurco and Milltronics machines. These three brands of CNC machine tools are responsible for the vast majority of our revenue. However, we have added other non-Hurco branded products to our product portfolio that have contributed product diversity and market penetration opportunity. These non-Hurco branded products are sold by our wholly-owned distributors and are comprised primarily of other general-purpose vertical milling centers and lathes, laser cutting machines, waterjet cutting machines, CNC grinders, compact horizontal machines, metal cutting saws, and CNC swill lathes. ProCobots is our wholly-owned subsidiary that provides automation solutions. In addition, through our wholly-owned subsidiary in Italy, LCM, we produce high value machine tool components and accessories. We principally sell our products through approximately 180 independent agents and distributors throughout the Americas, Europe, and Asia. Although some distributors carry competitive products, we are the primary line for the majority of our distributors globally. We also have our own direct sales and service organizations in China, the Czech Republic, France, Germany, India, Italy, the Netherlands, Poland, Singapore, Taiwan, the United Kingdom, and certain parts of the United States , which are among the world s principal machine tool consuming markets. The vast majority of our machine tools are manufactured and assembled to our specifications primarily by our wholly-owned subsidiary in Taiwan, HML. Machine castings to support HML s production are manufactured at our wholly-owned subsidiary in Ningbo, China, NHML. Components to support our SRT line of five-axis machining centers, such as the direct-drive spindle, swivel head, and rotary table, are manufactured by our wholly-owned subsidiary in Italy, LCM. Our sales to foreign customers are denominated, and payments by those customers are made, in the prevailing currencies in the countries in which those customers are located (primarily the Euro, Pound Sterling, and Chinese Yuan). Our product costs are incurred and paid primarily in the New Taiwan Dollar and the U.S. dollar. Changes in currency exchange rates may have a material effect on our operating results and consolidated financial statements as reported under U.S. Generally Accepted Accounting Principles. For example, when the U.S. dollar weakens in value relative to a foreign currency, sales made, and expenses incurred, in that currency when translated to U.S. dollars for reporting in our financial statements, are higher than would be the case when the U.S. dollar is stronger. In the comparison of our period-to-period results, we discuss the effect of currency translation on those results, which reflect translation to U.S. dollars at exchange rates prevailing during the period covered by those financial statements. Our high levels of foreign manufacturing and sales also expose us to cash flow risks due to fluctuating currency exchange rates. We seek to mitigate those risks through the use of derivative instruments principally foreign currency forward exchange contracts. 
 32 

Results of Operations The following table presents, for the fiscal years indicated, selected items from the Consolidated Statements of Operations expressed as a percentage of our worldwide sales and service fees and the year-to-year percentage changes in the dollar amounts of those items. 

Percentage of Revenues Year-to-Year Change 2023 2022 2021 Increase/Decrease 23 vs. 22 22 vs. 21 Sales and service fees 100 100 100 (9) 7 Gross profit 25 26 24 (13) 15 Selling, general and administrative expenses 22 21 20 (4) 12 Operating income 3 5 4 (48) 24 Net income 2 3 3 (47) 22 Fiscal Year 2023 Compared to Fiscal Year 2022 Sales and Service Fees. Sales and service fees for fiscal year 2023 were 227.8 million, a decrease of 23.0 million, or 9 , compared to fiscal year 2022, and included an unfavorable currency impact of 2.4 million, or 1 , when translating foreign sales to U.S. dollars for financial reporting purposes. Net Sales and Service Fees by Geographic Region The following table sets forth net sales and service fees by geographic region for the fiscal years ended October 31, 2023 and 2022 (dollars in thousands): 

Fiscal Year Ended October 31, Increase/Decrease 2023 2022 Amount Americas 88,329 39 95,964 38 (7,635) (8) Europe 120,525 53 126,050 50 (5,525) (4) Asia Pacific 18,953 8 28,800 12 (9,847) (34) Total 227,807 100 250,814 100 (23,007) (9) Sales in the Americas for fiscal year 2023 decreased by 8 , compared to fiscal 2022, primarily due to decreased shipments of Hurco and Milltronics machines, particularly the higher-performance VMX machines. European sales for fiscal year 2023 decreased by 4 , compared to fiscal year 2022, and included an unfavorable currency impact of 1 , when translating foreign sales to U.S. dollars for financial reporting purposes. The year-over-year decrease in European sales was primarily attributable to a decreased volume of shipments of Hurco machines in Germany, France, and Italy, partially offset by increased sales of electro-mechanical components and accessories manufactured by LCM and increased shipments of Hurco machines in the United Kingdom and Milltronics machines throughout Europe where our customers are located. 
 33 

Asian Pacific sales for fiscal year 2023 decreased by 34 , compared to fiscal 2022, and included an unfavorable currency impact of 4 , when translating foreign sales to U.S. dollars for financial reporting purposes. The year-over-year decrease in Asian Pacific sales for the fiscal year primarily resulted from a reduced volume of shipments of Takumi machines in China and Hurco machines in Southeast Asia, China, and India, partially offset by an increased volume of shipments of Takumi machines in India. Net Sales and Service Fees by Product Category The following table sets forth net sales and service fees by product group and services for the fiscal years ended October 31, 2023 and 2022 (dollars in thousands): 

Fiscal Year Ended October 31, Increase/Decrease 2023 2022 Amount Computerized Machine Tools 188,335 83 211,804 85 (23,469) (11) Computer Control Systems and Software 2,805 1 2,634 1 171 6 Service Parts 28,439 12 28,219 11 220 1 Service Fees 8,228 4 8,157 3 71 1 Total 227,807 100 250,814 100 (23,007) (9) Amounts shown do not include computer control systems and software sold as an integrated component of computerized machine systems. Sales of computerized machine tools for fiscal year 2023 decreased by 11 , compared to fiscal year 2022, primarily due to a decreased volume of shipments of Hurco machines in all regions where our customers are located, except the United Kingdom; Milltronics machines in North America; and Takumi machines in China. Sales of computer control systems and software for fiscal 2023 increased by 6 , compared to fiscal 2022, due to increased sales of software for Hurco machines in North America. Sales of service parts for fiscal year 2023 increased by 1 , compared to fiscal year 2022, due mainly to increased volume of sales of Hurco and ProCobots parts in Europe and North America, mostly offset by a reduction in volume of sales of parts in North America. Service fees increased by 1 for fiscal year 2023, compared to fiscal year 2022, primarily due to increased service of Hurco machines in the United Kingdom, France and Italy, mostly offset by a reduction in service of Hurco machines in North America and Germany. During fiscal year 2023, sales for all product categories included an unfavorable currency impact of 1 , when translating foreign sales to U.S. dollars for financial reporting purposes. Orders and Backlog . Orders for fiscal year 2023 were 209.7 million, a decrease of 31.3 million, or 13 , compared to fiscal 2022, and included an unfavorable currency impact of 2.0 million, or less than 1 , when translating foreign orders to U.S. dollars. 
 34 

The following table sets forth new orders booked by geographic region for the fiscal years ended October 31, 2023 and 2022 (dollars in thousands): 

Fiscal Year Ended October 31, Increase/Decrease 2023 2022 Amount Americas 80,412 38 92,268 38 (11,856) (13) Europe 114,961 55 122,556 51 (7,595) (6) Asia Pacific 14,303 7 26,107 11 (11,804) (45) Total 209,676 100 240,931 100 (31,255) (13) Orders in the Americas for fiscal year 2023 decreased by 13 , compared to fiscal year 2022, mainly due to decreased customer orders for Hurco and Milltronics, particularly higher-performance VMX machines, partially offset by increased demand for Takumi machines. European orders for fiscal 2023 decreased by 6 , compared to fiscal 2022, and included an unfavorable currency impact of 1 , when translating foreign orders to U.S. dollars. The year-over-year decrease in European demand was primarily attributable to decreased demand for Hurco machines in Germany and France, partially offset by increased customer demand for Hurco machines in the United Kingdom and Italy, and electro-mechanical components and accessories manufactured by LCM. Asian Pacific orders for fiscal year 2023 decreased by 45 , compared to fiscal 2022, and included an unfavorable currency impact of 3 , when translating foreign orders to U.S. dollars. The decrease in Asian Pacific orders year-over-year was driven primarily by decreased customer demand for Hurco and Takumi machines in China and Hurco machines in Southeast Asia and India, partially offset by increased demand for Takumi machines in India. Backlog at October 31, 2023 decreased to 28.3 million from 44.8 million at October 31, 2022, primarily due to decreased customer demand during fiscal year 2023 for Hurco, Milltronics, and Takumi machines in the U.S., Germany, France, China and Southeast Asia. We do not believe backlog is a useful measure of past performance or indicative of future performance. Backlog orders as of October 31, 2023 are expected to be fulfilled in fiscal year 2024. Gross Profit. Gross profit for fiscal year 2023 was 56.2 million, or 25 of sales, compared to 64.5 million, or 26 of sales, for fiscal 2022. The year-over-year decreases in gross profit and gross profit as a percentage of sales were primarily due to the lower volume of sales of our higher-performance VMX machines and the negative impact of fixed costs on lower sales and production volumes. Operating Expenses. Selling, general, and administrative expenses for fiscal year 2023 were 49.6 million, or 22 of sales, compared to 51.7 million, or 21 of sales, in fiscal 2022, and included a favorable currency impact of 0.4 million, when translating foreign expenses to U.S. dollars for financial reporting purposes. The year-over-year decrease in selling, general and administrative expenses in absolute dollar terms was primarily attributable to lower costs related to tradeshow expenses, sales commissions, and employee support costs for our global operations. Operating Income. Operating income for fiscal year 2023 was 6.6 million, or 3 of sales, compared to 12.7 million, or 5 of sales, for fiscal year 2022. The year-over-year decrease in operating income was primarily due to decreased volume of machine shipments. 
 35 

Other Expense, Net. Other expense, net for fiscal year 2023 decreased by 1.3 million from fiscal year 2022, due mainly to a decrease in foreign currency exchange losses and increased gains on sale of property and equipment. Provision for Income Taxes . We recorded income tax expense of 2.4 million for fiscal year 2023, compared to 3.7 million for fiscal year 2022. Our effective tax rate for fiscal year 2023 was 35 , compared to 31 for fiscal year 2022. The year-over-year increase in the effective tax rate in the full year was primarily due to changes in geographic mix of income and loss that includes jurisdictions with differing tax rates, discrete items related to stock compensation and the impact of valuation allowances for our China operations combined with lower levels of consolidated income before taxes. Net Income. Net income for fiscal year 2023 was 4.4 million, or 0.66 per diluted share, compared to 8.2 million, or 1.23 per diluted share, for fiscal year 2022. The year-over-year decrease in net income was primarily due to decreased volume of machine shipments. Liquidity and Capital Resources At October 31, 2023, we had cash and cash equivalents of 41.8 million, compared to 63.9 million at October 31, 2022. The decrease in cash and cash equivalents was primarily a result of net cash used for payments of outstanding accounts payable, stock repurchases and dividend payments . Approximately 26 of our 41.8 million of cash and cash equivalents is held in the U.S. The balance is attributable to our foreign operations and is held in the local currencies of our various foreign entities, subject to fluctuations in currency exchange rates. We do not believe that the indefinite reinvestment of these funds offshore impairs our ability to meet our domestic working capital needs. Working capital at October 31, 2023 was 193.3 million, compared to 194.7 million at October 31, 2022. The decrease in working capital was primarily driven by a decrease in cash and cash equivalents, mostly offset by decreases in accounts payable and customer deposits and increases in inventory and accounts receivable. Inventories, net were 158.0 million at October 31, 2023, compared to 156.2 million at October 31, 2022, and included an unfavorable currency impact of 4.9 million, or 3 , when translating foreign inventories to U.S. dollars for financial reporting purposes. Inventory turns at October 31, 2023 were 1.1 compared to 1.2 at October 31, 2022. Capital expenditures were 2.6 million in fiscal year 2023, compared to 2.2 million in fiscal year 2022. Capital expenditures for fiscal year 2023 were primarily for software development costs, purchases of factory equipment for production facilities, and purchases of general software and equipment for sales and service divisions. We funded these expenditures with cash flows from operations. On January 6, 2023, we announced a share repurchase program in an aggregate amount of up to 25.0 million. Repurchases under the program may be made in the open market or through privately negotiated transactions from time to time through November 10, 2024, subject to applicable laws, regulations, and contractual provisions. The program may be amended, suspended, or discontinued at any time and does not commit us to repurchase any shares of our common stock. During fiscal year 2023, approximately 67,513 shares were repurchased at an aggregate value of approximately 1.8 million under that program, resulting in 23.2 million remaining available under the program as of October 31, 2023. 
 36 

Our prior 7.0 million share repurchase program also remained in effect until its scheduled expiration on March 10, 2023. During fiscal year 2023, approximately 98,776 shares were repurchased at an aggregate value of approximately 2.8 million under that program. Aggregate repurchases under all programs during fiscal year 2023 were approximately 4.6 million. In addition, during fiscal year 2023, we paid cash dividends to our shareholders equal to 4.1 million. Future dividends are subject to approval of our Board of Directors and will depend upon many factors, including our results of operations, financial condition, capital requirements, regulatory and contractual restrictions, our business strategy and other factors deemed relevant by our Board of Directors from time to time. On December 31, 2018, we and our subsidiary Hurco B.V. entered into a credit agreement with Bank of America, N.A., as the lender, which was subsequently amended on each of March 13, 2020, December 23, 2020, December 17, 2021, January 4, 2023, and December 19, 2023 (as amended, the 2018 Credit Agreement ). The 2018 Credit Agreement provides for an unsecured revolving credit and letter of credit facility in a maximum aggregate amount of 40.0 million. The 2018 Credit Agreement provides that the maximum amount of outstanding letters of credit at any one time may not exceed 10.0 million, the maximum amount of outstanding loans made to our subsidiary Hurco B.V. at any one time may not exceed 20.0 million, and the maximum amount of all outstanding loans denominated in alternative currencies at any one time may not exceed 20.0 million. Under the 2018 Credit Agreement, we and Hurco B.V. are borrowers, and certain of our other subsidiaries are guarantors. The scheduled maturity date of the 2018 Credit Agreement is December 31, 2025. Borrowings under the 2018 Credit Agreement bear interest at floating rates based on, at our option, either (i) a rate based upon the secured overnight financing rate SOFR ), the Sterling Overnight Index Average Reference Rate, the Euro Interbank Offering Rate, or another alternative currency-based rate approved by the lender, depending on the term of the loan and the currency in which such loan is denominated, plus 1.00 per annum, or (ii) a base rate (which is the highest of (a) the federal funds rate plus 0.50 , (b) the prime rate or (c) the one month SOFR-based rate plus 1.00 ), plus 0.00 per annum. Outstanding letters of credit will carry an annual rate of 1.00 . The 2018 Credit Agreement contains customary affirmative and negative covenants and events of default, including covenants (1) restricting us from making certain investments, loans, advances and acquisitions (but permitting us to make investments in subsidiaries of up to 10.0 million); (2) restricting us from making certain payments, including (a) cash dividends, except that we may pay cash dividends as long as immediately before and after giving effect to such payment, the sum of the unused amount of the commitments under the 2018 Credit Agreement plus our cash on hand is not less than 10.0 million, and as long as we are not in default before and after giving effect to such dividend payments and (b) payments made to repurchase shares of our common stock, except that we may repurchase shares of our common stock as long as we are not in default before and after giving effect to such repurchases and the aggregate amount of payments made by us for all such repurchases during any fiscal year does not exceed 25.0 million; (3) requiring that we maintain a minimum working capital of 125.0 million; and (4) requiring that we maintain a minimum tangible net worth of 176.5 million. We may use the proceeds from advances under the 2018 Credit Agreement for general corporate purposes. 
 37 

In March 2019, our wholly-owned subsidiaries in Taiwan, HML, and China, NHML, closed on uncommitted revolving credit facilities with maximum aggregate amounts of 150 million New Taiwan dollars and 32.5 million Chinese Yuan, respectively. As uncommitted facilities, both the Taiwan and China credit facilities are subject to review and termination by the respective underlying lending institution from time to time. In February and December 2023, NHML and HML, respectively, renewed the above-referenced credit facilities on substantially similar terms and identical maximum aggregate limits. As of October 31, 2023, our existing credit facilities consisted of a 1.5 million revolving credit facility in Germany, the 150 million New Taiwan dollars Taiwan credit facility, the 32.5 million Chinese Yuan China credit facility and the 40.0 million revolving credit facility under the 2018 Credit Agreement. We had no debt or borrowings under any of our credit facilities at October 31, 2023. At October 31, 2023, we had an aggregate of approximately 50.6 million available for borrowing under our credit facilities and were in compliance with all covenants relating thereto. We have an international cash pooling strategy that generally provides access to available cash deposits and credit facilities when needed in the U.S., Europe or Asia Pacific. We believe our access to cash pooling and our borrowing capacity under our credit facilities provide adequate liquidity to fund our global operations over the next twelve months and beyond, and allow us to remain committed to our strategic plan of product innovation, acquisitions, targeted penetration of developing markets, payment of dividends and our stock repurchase program. We continue to receive and review information on businesses and assets for potential acquisition, including intellectual property assets that are available for purchase. We remain committed to a balanced capital allocation strategy that prioritizes a strong balance sheet and liquidity position while recognizing the importance of accretive growth and returning value to shareholders through dividends and stock repurchases, where appropriate. As such, we continue to actively evaluate acquisition opportunities that support our long-term strategic plan. Contractual Obligations and Commitments The following is a table of contractual obligations and commitments as of October 31, 2023 (in thousands): 

Payments Due by Period Less than More than Total 1 Year 1-3 Years 3-5 Years 5 Years Operating leases 12,220 4,027 4,263 2,807 1,123 Accrued and deferred taxes and credits 5,779 349 1,027 4,403 Total 17,999 4,376 5,290 2,807 5,526 In addition to the contractual obligations and commitments disclosed above, we also have a variety of other obligations for the procurement of materials and services, none of which subject us to any material non-cancelable commitments. While some of these obligations arise under long-term supply agreements, we are not committed under these agreements to accept or pay for requirements that are not needed to meet our production needs. We have no material minimum purchase commitments or take-or-pay type agreements or arrangements. Unrecognized tax benefits in the amount of approximately 0.1 million, excluding any interest and penalties, have been excluded from the table above because we are unable to determine a reasonably reliable estimate of the timing of future payment. 
 38 

We expect capital spending in fiscal year 2024 to be approximately 3.8 million, which includes investments for software development, leasehold improvement, factory equipment, and production facilities, as well as general software and equipment for selling facilities. We expect to fund these commitments with cash on hand and cash generated from operations. Off Balance Sheet Arrangements From time to time, our subsidiaries guarantee third party payment obligations in connection with the sale of machines to customers that use financing. We follow Financial Accounting Standards Board FASB guidance for accounting for guarantees (codified in Accounting Standards Codification ASC 460). As of October 31, 2023, we had nine outstanding third party payment guarantees totaling approximately 1.0 million. The terms of these guarantees are consistent with the underlying customer financing terms. Upon shipment of a machine, the customer assumes the risk of ownership. The customer does not obtain title, however, until the customer has paid for the machine. A retention of title clause allows us to recover the machine if the customer defaults on the financing. We accrue liabilities under these guarantees at fair value, which amounts are insignificant. Critical Accounting Estimates Our discussion and analysis of financial condition and results of operations is based upon our consolidated financial statements, which have been prepared in accordance with U.S. Generally Accepted Accounting Principles. The preparation of financial statements in conformity with those accounting principles requires us to make judgments and estimates that affect the amounts reported in the consolidated financial statements and accompanying notes. Our accounting policies are frequently evaluated as our judgment and estimates are based upon historical experience and on various other assumptions that we believe to be reasonable under the circumstances. Our judgments and estimates have a significant effect on the financial statements because they result primarily from the need to make estimates about the effects of matters that are inherently uncertain. Actual results could differ from those estimates and such differences could be material to our financial condition and results of operations. Critical accounting estimates are those that involve a significant level of estimation uncertainty and have had or are reasonably likely to have a material impact on our financial condition and results of operations. While our significant accounting policies are more fully described in Note 1 to our consolidated financial statements included elsewhere in this report, we believe the following discussion addresses our most critical accounting estimates, which involve significant subjectivity and judgment, and changes to such estimates or assumptions could have a material impact on our financial condition or operating results. Therefore, we consider an understanding of the variability and judgment required in making these estimates and assumptions to be critical in fully understanding and evaluating our reported financial results. Goodwill and Intangible Assets. Goodwill and indefinite-lived intangibles arising from a business combination are reviewed for impairment annually as of the last day of our third fiscal quarter, or more frequently, if circumstances arise indicating potential impairment. We have no goodwill as of October 31, 2023. Other indefinite-lived intangible assets primarily consist of trademarks and trade names and are not material to our consolidated financial statements. Finite-lived intangible assets are amortized over their estimated useful lives and are reviewed for impairment whenever events or changes in circumstances indicate the carrying amount may not be recovered through future net cash flows generated by the assets. We are not aware of any events or changes in circumstances that indicate the carrying value of its finite-lived assets may not be recoverable. 
 39 

Impairment of Long-Lived Assets We are required periodically to review the recoverability of certain assets, including property, plant, and equipment, intangible assets, and goodwill, based on projections of anticipated future cash flows, including future profitability assessments of various product lines. We estimate cash flows using internal budgets based on recent sales data. We are not aware of any events or changes in circumstances that indicate the carrying value of our long-lived assets may not be recoverable. Inventories and Related Reserves We determine at each balance sheet date how much, if any, of our inventory may ultimately prove to be either unsalable or unsalable at its carrying cost. Reserves are established to effectively adjust the carrying value of such inventory to lower of cost (first-in, first-out method) or net realizable value. To determine the appropriate level of valuation reserves, we evaluate current stock levels in relation to historical and expected patterns of demand for all of our products. We evaluate the need for changes to valuation reserves based on market conditions, competitive offerings, and other factors on a regular basis. We have not experienced substantive write-offs due to obsolescence. Income Taxes We account for income taxes and the related accounts under the asset and liability method. Deferred tax assets and liabilities are measured using enacted income tax rates in each jurisdiction in effect for the year in which the temporary differences are expected to be recovered or settled. These deferred tax assets are reduced by a valuation allowance, which is established when it is more likely than not that some portion or all of the deferred tax assets will not be realized. We operate in multiple jurisdictions through wholly-owned subsidiaries, and our global structure is complex. The estimates of our uncertain tax positions involve judgments and assessment of the potential tax implications. We recognize uncertain tax positions when it is more likely than not that the tax position will be sustained upon examination by relevant taxing authorities, based on the technical merits of the position. The amount recognized is measured as the largest amount of benefit that is greater than 50 percent likely of being realized upon ultimate settlement. Accordingly, the ultimate outcome with respect to taxes we may owe may differ from the amounts recognized. Our judgment regarding the realization of deferred tax assets may change due to future profitability and market conditions, change in U.S. or foreign tax laws, and other factors. These changes, if any, may require material adjustments to these deferred tax assets and an accompanying reduction or increase in net income. Capitalized Software Development Costs Costs incurred to develop computer software products and significant enhancements to software features of existing products are capitalized as required by FASB guidance relating to accounting for the costs of computer software to be sold, leased, or otherwise marketed, and such capitalized costs are amortized over the estimated product life of the related software. The determination as to when in the product development cycle technological feasibility has been established, and the expected product life, require judgments and estimates by management and can be affected by technological developments, innovations by competitors, and changes in market conditions affecting demand. We periodically review the carrying values of these assets and make judgments as to ultimate realization considering the above-mentioned risk factors. 
 40 

Derivative Financial Instruments Critical aspects of our accounting policy for derivative financial instruments that we designate as hedging instruments include conditions that require that critical terms of a hedging instrument are essentially the same as a hedged forecasted transaction. Another important element of our policy demands that formal documentation be maintained as required by FASB guidance relating to accounting for derivative instruments and hedging activities. Failure to comply with these conditions would result in a requirement to recognize changes in market value of hedge instruments in earnings. We routinely monitor significant estimates, assumptions, and judgments associated with derivative instruments and compliance with formal documentation requirements. Stock Compensation We account for share-based compensation according to FASB guidance relating to share-based payments, which requires the measurement and recognition of compensation expense for all share-based awards made to employees and directors based on estimated fair values on the grant date. This guidance requires that we estimate the fair value of share-based awards on the date of grant and recognize as expense the value of the portion of the award that is ultimately expected to vest over the requisite service period."
20240108_10-K-A_edgar_data_1766502_0001193125-24-004550.txt,118237,0,0,0,,,
20240109_10-K-A_edgar_data_1849635_0001193125-24-005202.txt,101605,0,0,0,,,
20240109_10-K_edgar_data_1823635_0001493152-24-001811.txt,225896,22,28,100,"ITEM
 1 
 Business 
 4","ITEM
 1A 
 Risk Factors 
 11","ITEM
 7 
 Management s Discussion and Analysis of Financial Condition and Results of Operations 
 33"
20240110_10-K_edgar_data_1748232_0001493152-24-001932.txt,234755,23,29,100,"ITEM
 1. 
 BUSINESS 
 4","ITEM
 1A. 
 RISK FACTORS 
 10","ITEM
 7. 
 MANAGEMENT S DISCUSSION AND ANALYSIS OF FINANCIAL CONDITION AND RESULTS OF OPERATION 
 22"
20240111_10-K-A_edgar_data_1755101_0001096906-24-000041.txt,21396,0,0,0,,,
20240111_10-K-A_edgar_data_1858007_0001213900-24-003029.txt,107125,22,0,0,"ITEM 1. 
 BUSINESS 
 1",,
20240111_10-K_edgar_data_1963685_0001213900-24-003044.txt,425630,22,28,101,"Item 1. 
 Business 
 2","Item 1A. 
 Risk Factors 
 20","Item 7. 
 Management s
 Discussion and Analysis of Financial Condition and Results of Operations 
 40"
20240112_10-K_edgar_data_1088638_0001477932-24-000153.txt,100264,17,22,95,Item 1 Business 3,Item 1A Risk Factors 9,Item 7 Management s Discussion and Analysis of Financial Condition and Results of Operations 11
20240112_10-K_edgar_data_1141964_0001214659-24-000719.txt,141201,26,31,103,"ITEM 1. 
 
 Business 
 
 4","ITEM 1A. 
 
 Risk Factors 
 
 9","ITEM 7. 
 
 Management s Discussion and Analysis of Financial Condition and Results of Operation 
 
 21"
20240112_10-K_edgar_data_1383088_0001477932-24-000156.txt,179165,17,22,95,Item 1 Business 4,Item 1A Risk Factors 8,Item 7 Management s Discussion and Analysis of Financial Condition and Results of Operations 20
20240112_10-K_edgar_data_1510518_0001213900-24-003308.txt,98261,22,27,99,"ITEM 1. 
 BUSINESS 
 1","ITEM 1A. 
 RISK FACTORS 
 3","ITEM 7. 
 MANAGEMENT S DISCUSSION AND ANALYSIS OF FINANCIAL CONDITION AND RESULTS OF OPERATIONS 
 5"
20240112_10-K_edgar_data_1829966_0001683168-24-000266.txt,295800,22,27,100,"ITEM 1. 
 Business 
 1","ITEM 1A. 
 Risk Factors 
 8","ITEM 7. 
 Management's Discussion and Analysis of Financial Condition and Results of Operations 
 26"
20240112_10-K_edgar_data_836690_0001558370-24-000248.txt,251482,18,24,96,Item 1. Business 4,Item 1A. Risk Factors 16,Item 7. Management s Discussion and Analysis of Financial Condition and Results of Operations 29
