qid,retriever,question,response,response_mode,retrieved_chunk_ids,retrieved_contexts,reference
q1_battery_technology,similarity,"How did Tesla describe battery technology, battery costs, or battery supply across the filings?","Question: How did Tesla describe battery technology, battery costs, or battery supply across the filings?

Retrieved Tesla filing evidence:

[TSLA 2016 TSLA-2016-00489] . Our financial results may vary significantly from period-to-period due to fluctuations in our operating costs. We expect our period-to-period financial results to vary based on our operating costs which we anticipate will increase significantly in future periods as we, among other things, design, develop and manufacture Model 3, energy storage and solar products and other future products, increase the production capacity at our manufacturing facilities to produce vehicles at higher volumes, in

[TSLA 2024 TSLA-2024-04620] . As these product lines grow, we will have to maintain adequate battery cell supply for our energy storage products. At the same time, changes in government and economic incentives or tariffs may also impact our sales, cost structure and the competitive landscape. Cash Flow and Capital Expenditure Trends Our capital expenditures are typically difficult to project beyond the short-term given the number and breadth of our core projects at any given time, and may further be impacted by uncertainti

[TSLA 2015 TSLA-2015-00039] . Of this, we expect to build 35 GWh of cell production capacity at the Gigafactory and purchase 15 GWh of cells from other manufacturers. We believe that the Gigafactory will allow us to achieve a significant reduction in the cost of our battery packs once we are in volume production with Model 3. The total capital expenditures associated with the Gigafactory through 2020 are expected to be $4 to $5 billion, of which approximately $2 billion is expected to come from Tesla. Panasonic has agreed 

[TSLA 2016 TSLA-2016-00448] . dollar as our battery cell purchases for Model S and Model X are currently denominated in Japanese yen. Our business is dependent on the continued supply of battery cells for the battery packs used in our vehicles and energy storage products. While we believe several sources of the battery cells are available for such battery packs, and expect to eventually rely substantially on battery cells manufactured at our own facilities, we have to date fully qualified only a very limited number of supp",extractive_fallback,"['TSLA-2016-00489', 'TSLA-2024-04620', 'TSLA-2015-00039', 'TSLA-2016-00448', 'TSLA-2024-04531', 'TSLA-2000-03242', 'TSLA-2023-04119', 'TSLA-2020-02713']","['. Our financial results may vary significantly from period-to-period due to fluctuations in our operating costs. We expect our period-to-period financial results to vary based on our operating costs which we anticipate will increase significantly in future periods as we, among other things, design, develop and manufacture Model 3, energy storage and solar products and other future products, increase the production capacity at our manufacturing facilities to produce vehicles at higher volumes, including ramping up the production of Model S and Model X, expand Gigafactory 1, open new Tesla stores and service centers with maintenance and repair capabilities, open new Supercharger locations, develop Gigafactory 2, increase our sales and marketing activities, and increase our general and administrative functions to support our growing operations. As a result of these factors, we believe that quarter-to-quarter comparisons of our financial results, especially in the short-term, are not necessarily meaningful and that these comparisons cannot be relied upon as indicators of future performance', '. As these product lines grow, we will have to maintain adequate battery cell supply for our energy storage products. At the same time, changes in government and economic incentives or tariffs may also impact our sales, cost structure and the competitive landscape. Cash Flow and Capital Expenditure Trends Our capital expenditures are typically difficult to project beyond the short-term given the number and breadth of our core projects at any given time, and may further be impacted by uncertainties in future global market conditions. We are simultaneously developing and ramping new products, building or ramping manufacturing facilities on three continents, piloting the development and manufacture of new battery cell technologies, expanding our Supercharger network and investing in autonomy and other artificial intelligence enabled training and products, and the pace of our capital spend may vary depending on overall priority among projects, the pace at which we meet milestones, production adjustments to and among our various products, increased capital efficiencies and the addition of new projects', '. Of this, we expect to build 35 GWh of cell production capacity at the Gigafactory and purchase 15 GWh of cells from other manufacturers. We believe that the Gigafactory will allow us to achieve a significant reduction in the cost of our battery packs once we are in volume production with Model 3. The total capital expenditures associated with the Gigafactory through 2020 are expected to be $4 to $5 billion, of which approximately $2 billion is expected to come from Tesla. Panasonic has agreed to partner with us on the Gigafactory with investments in production equipment that it will use to manufacture and supply us with battery cells. We have a supply agreement with Panasonic that, among other things, allows us to purchase a minimum of 1.8 billion lithium-ion battery cells at preferential prices that we intend to purchase from 2014 through 2017. We have agreed to prepare and provide the land, buildings and utilities, invest in production equipment for battery module and pack production and be responsible for the overall management of the Gigafactory. Supply Chain Our vehicles use over 3,000 purchased parts which we source globally from over 350 suppliers', '. dollar as our battery cell purchases for Model S and Model X are currently denominated in Japanese yen. Our business is dependent on the continued supply of battery cells for the battery packs used in our vehicles and energy storage products. While we believe several sources of the battery cells are available for such battery packs, and expect to eventually rely substantially on battery cells manufactured at our own facilities, we have to date fully qualified only a very limited number of suppliers for the cells used in such battery packs and have very limited flexibility in changing cell suppliers. In particular, we have fully qualified only one supplier for the cells used in battery packs for our current production vehicles. Any disruption in the supply of battery cells from such suppliers could disrupt production of our vehicles and of the battery packs we produce for other automobile manufacturers until such time as a different supplier is fully qualified. Furthermore, fluctuations or shortages in petroleum and other economic conditions may cause us to experience significant increases in freight charges and material costs', '. However, our efforts to develop and manufacture such battery cells have required, and may continue to require, significant investments, and there can be no assurance that we will be able to achieve these targets in the timeframes that we have planned or at all. If we are 15 Table of Contents unable to do so, we may have to curtail our planned vehicle and energy storage product production or procure additional cells from suppliers at potentially greater costs, either of which may harm our business and operating results. In addition, the cost and mass production of battery cells, whether manufactured by our suppliers or by us, depends in part upon the prices and availability of raw materials such as lithium, nickel, cobalt and/or other metals. The prices for these materials fluctuate and their available supply may be unstable, depending on market conditions and global demand for these materials. For example, as a result of increased global production of electric vehicles and energy storage products, suppliers of these raw materials may be unable to meet our volume needs', '. In order to meet our expectations for our new factories, we must expand and manage localized design and engineering talent and resources. If we experience any issues or delays in meeting our projected timelines, costs, capital efficiency and production capacity for our new factories, expanding and managing teams to implement iterative design and production changes there, maintaining and complying with the terms of any debt financing that we obtain to fund them or generating and maintaining demand for the vehicles we manufacture there, our business, prospects, operating results and financial condition may be harmed. We will need to maintain and significantly grow our access to battery cells, including through the development and manufacture of our own cells, and control our related costs. We are dependent on the continued supply of lithium-ion battery cells for our vehicles and energy storage products, and we will require substantially more cells to grow our business according to our plans. Currently, we rely on suppliers such as Panasonic and Contemporary Amperex Technology Co. Limited (CATL) for these cells', '. However, our efforts to develop and manufacture such battery cells have required, and may continue to require, significant investments, and there can be no assurance that we will be able to achieve these targets in the timeframes that we have planned or at all. If we are 16 Table of Contents unable to do so, we may have to curtail our planned vehicle and energy storage product production or procure additional cells from suppliers at potentially greater costs, either of which may harm our business and operating results. In addition, the cost and mass production of battery cells, whether manufactured by our suppliers or by us, depends in part upon the prices and availability of raw materials such as lithium, nickel, cobalt and/or other metals. The prices for these materials fluctuate and their available supply may be unstable, depending on market conditions and global demand for these materials. For example, as a result of increased global production of electric vehicles and energy storage products, suppliers of these raw materials may be unable to meet our volume needs', '. 16 We will need to maintain and significantly grow our access to battery cells, including through the development and manufacture of our own cells, and control our related costs. We are dependent on the continued supply of lithium-ion battery cells for our vehicles and energy storage products, and we will require substantially more cells to grow our business according to our plans. Currently, we rely on suppliers such as Panasonic for these cells. However, we have to date fully qualified only a very limited number of such suppliers and have limited flexibility in changing suppliers. Any disruption in the supply of battery cells from our suppliers could limit production of our vehicles and energy storage products. In the long term, we intend to supplement cells from our suppliers with cells manufactured by us, which we believe will be more efficient, manufacturable at greater volumes and cost-effective than currently available cells. However, our efforts to develop and manufacture such battery cells have required and may require significant investments, and there can be no assurance that we will be able to achieve these targets in the timeframes that we have planned or at all']","A strong answer compares multiple years and cites evidence about battery technology, battery cost, supply constraints, production scale, and energy storage or vehicle battery strategy."
q1_battery_technology,mmr,"How did Tesla describe battery technology, battery costs, or battery supply across the filings?","Question: How did Tesla describe battery technology, battery costs, or battery supply across the filings?

Retrieved Tesla filing evidence:

[TSLA 2016 TSLA-2016-00489] . Our financial results may vary significantly from period-to-period due to fluctuations in our operating costs. We expect our period-to-period financial results to vary based on our operating costs which we anticipate will increase significantly in future periods as we, among other things, design, develop and manufacture Model 3, energy storage and solar products and other future products, increase the production capacity at our manufacturing facilities to produce vehicles at higher volumes, in

[TSLA 2000 TSLA-2000-03314] . This is primarily relating to administrative requirements, but Tesla has continued to take back battery packs, and although we cannot predict the outcome of this matter, including the final amount of any penalties, we filed a new objection in June 2021 and it is not expected to have a material adverse impact on our business. In April 2021, we received a notice from the Environmental Protection Agency (the “EPA”) alleging that Tesla failed to provide records demonstrating compliance with certai

[TSLA 1900 TSLA-1900-01790] . 76 Tesla, Inc. Notes to Consolidated Financial Statements Note 1 – Overview Tesla, Inc. (“Tesla”, the “Company”, “we”, “us” or “our”) was incorporated in the State of Delaware on July 1, 2003. We design, develop, manufacture and sell high-performance fully electric vehicles and design, manufacture, install and sell solar energy generation and energy storage products. Our Chief Executive Officer, as the chief operating decision maker (“CODM”), organizes the Company, manages resource allocations

[TSLA 1900 TSLA-1900-01516] . Supply Chain Our vehicles use thousands of purchased parts which we source globally from hundreds of suppliers. We have developed close relationships with several key suppliers particularly in the procurement of cells and certain other key system parts. While we obtain components from multiple sources in some cases, similar to other automobile manufacturers, many of the components used in our vehicles are purchased by us from a single source. In addition, while several sources of the battery c",extractive_fallback,"['TSLA-2016-00489', 'TSLA-2000-03314', 'TSLA-1900-01790', 'TSLA-1900-01516', 'TSLA-2017-00981', 'TSLA-1900-02004', 'TSLA-2015-00039', 'TSLA-2024-04620']","['. Our financial results may vary significantly from period-to-period due to fluctuations in our operating costs. We expect our period-to-period financial results to vary based on our operating costs which we anticipate will increase significantly in future periods as we, among other things, design, develop and manufacture Model 3, energy storage and solar products and other future products, increase the production capacity at our manufacturing facilities to produce vehicles at higher volumes, including ramping up the production of Model S and Model X, expand Gigafactory 1, open new Tesla stores and service centers with maintenance and repair capabilities, open new Supercharger locations, develop Gigafactory 2, increase our sales and marketing activities, and increase our general and administrative functions to support our growing operations. As a result of these factors, we believe that quarter-to-quarter comparisons of our financial results, especially in the short-term, are not necessarily meaningful and that these comparisons cannot be relied upon as indicators of future performance', "". This is primarily relating to administrative requirements, but Tesla has continued to take back battery packs, and although we cannot predict the outcome of this matter, including the final amount of any penalties, we filed a new objection in June 2021 and it is not expected to have a material adverse impact on our business. In April 2021, we received a notice from the Environmental Protection Agency (the “EPA”) alleging that Tesla failed to provide records demonstrating compliance with certain requirements under the applicable National Emission Standards for Hazardous Air Pollutants under the Clean Air Act of 1963, as amended, relating to Surface Coating of Automobiles and Light-Duty Trucks regulations. Tesla has responded to all information requests from the EPA and refutes the allegations. Tesla continues to cooperate with the EPA in resolving this matter, and it is not currently expected to have a material adverse impact on our business. District attorneys in certain California counties are conducting an investigation into Tesla's waste segregation practices pursuant to Cal. Health & Saf. Code section 25100 et seq. and Cal. Civil Code § 1798.80"", '. 76 Tesla, Inc. Notes to Consolidated Financial Statements Note 1 – Overview Tesla, Inc. (“Tesla”, the “Company”, “we”, “us” or “our”) was incorporated in the State of Delaware on July 1, 2003. We design, develop, manufacture and sell high-performance fully electric vehicles and design, manufacture, install and sell solar energy generation and energy storage products. Our Chief Executive Officer, as the chief operating decision maker (“CODM”), organizes the Company, manages resource allocations and measures performance among two operating and reportable segments: (i) automotive and (ii) energy generation and storage. Note 2 – Summary of Significant Accounting Policies Principles of Consolidation The accompanying consolidated financial statements have been prepared in conformity with U.S. generally accepted accounting principles (“GAAP”) and reflect our accounts and operations and those of our subsidiaries in which we have a controlling financial interest. In accordance with the provisions of Accounting Standards Codification (“ASC”) 810, Consolidation , we consolidate any variable interest entity (“VIE”) of which we are the primary beneficiary', '. Supply Chain Our vehicles use thousands of purchased parts which we source globally from hundreds of suppliers. We have developed close relationships with several key suppliers particularly in the procurement of cells and certain other key system parts. While we obtain components from multiple sources in some cases, similar to other automobile manufacturers, many of the components used in our vehicles are purchased by us from a single source. In addition, while several sources of the battery cell we have selected for our battery packs are available, we have currently fully qualified only one cell supplier for the battery packs we use in our production vehicles. We are working to fully qualify additional cells from other manufacturers. We use various raw materials in our business including aluminum, steel, cobalt, lithium, nickel and copper. The prices for these raw materials fluctuate depending on market conditions and global demand for these materials. We believe that we have adequate supplies or sources of availability of the raw materials necessary to meet our manufacturing and supply requirements. Energy Storage Our energy storage products are manufactured at Gigafactory 1', '. Additionally, we previously announced a patent policy in which we irrevocably pledged that we will not initiate a lawsuit against any party for infringing our patents through activity relating to electric vehicles or related equipment for so long as such party is acting in good faith. We made this pledge in order to encourage the advancement of a common, rapidly-evolving platform for electric vehicles, thereby benefiting ourselves, other companies making electric vehicles, and the world. Segment Information We operate as two reportable segments: automotive and energy generation and storage. The automotive segment includes the design, development, manufacturing, and sales of electric vehicles. The energy generation and storage segment includes the design, manufacture, installation, and sale or lease of stationary energy storage products and solar energy systems, and sale of electricity generated by our solar energy systems to customers. Employees As of December 31, 2017, Tesla, Inc. had 37,543 full-time employees. To date, we have not experienced any work stoppages, and we consider our relationship with our employees to be good', '. 132 Certain Investigations and Other Matters We receive requests for information from regulators and governmental authorities, such as the National Highway Traffic Safety Administration, the National Transportation Safety Board, the SEC, the Department of Justice (“DOJ”) and various state, federal and international agencies. We routinely cooperate with such regulatory and governmental requests. In particular, the SEC has issued subpoenas to Tesla in connection with (a) Mr. Musk’s prior statement that he was considering taking Tesla private and (b) certain projections that we made for Model 3 production rates during 2017 and other public statements relating to Model 3 production. The DOJ has also asked us to voluntarily provide it with information about each of these matters and is investigating. Aside from the settlement with the SEC relating to Mr. Musk’s statement that he was considering taking Tesla private, there have not been any developments in these matters that we deem to be material, and to our knowledge no government agency in any ongoing investigation has concluded that any wrongdoing occurred', '. Of this, we expect to build 35 GWh of cell production capacity at the Gigafactory and purchase 15 GWh of cells from other manufacturers. We believe that the Gigafactory will allow us to achieve a significant reduction in the cost of our battery packs once we are in volume production with Model 3. The total capital expenditures associated with the Gigafactory through 2020 are expected to be $4 to $5 billion, of which approximately $2 billion is expected to come from Tesla. Panasonic has agreed to partner with us on the Gigafactory with investments in production equipment that it will use to manufacture and supply us with battery cells. We have a supply agreement with Panasonic that, among other things, allows us to purchase a minimum of 1.8 billion lithium-ion battery cells at preferential prices that we intend to purchase from 2014 through 2017. We have agreed to prepare and provide the land, buildings and utilities, invest in production equipment for battery module and pack production and be responsible for the overall management of the Gigafactory. Supply Chain Our vehicles use over 3,000 purchased parts which we source globally from over 350 suppliers', '. As these product lines grow, we will have to maintain adequate battery cell supply for our energy storage products. At the same time, changes in government and economic incentives or tariffs may also impact our sales, cost structure and the competitive landscape. Cash Flow and Capital Expenditure Trends Our capital expenditures are typically difficult to project beyond the short-term given the number and breadth of our core projects at any given time, and may further be impacted by uncertainties in future global market conditions. We are simultaneously developing and ramping new products, building or ramping manufacturing facilities on three continents, piloting the development and manufacture of new battery cell technologies, expanding our Supercharger network and investing in autonomy and other artificial intelligence enabled training and products, and the pace of our capital spend may vary depending on overall priority among projects, the pace at which we meet milestones, production adjustments to and among our various products, increased capital efficiencies and the addition of new projects']","A strong answer compares multiple years and cites evidence about battery technology, battery cost, supply constraints, production scale, and energy storage or vehicle battery strategy."
q2_manufacturing_capacity,similarity,How did Tesla's manufacturing capacity and production ramp risks evolve from 2015 through 2025?,"Question: How did Tesla's manufacturing capacity and production ramp risks evolve from 2015 through 2025?

Retrieved Tesla filing evidence:

[TSLA 2024 TSLA-2024-04615] . For example, during the first quarter of 2024, we experienced a sequential decline in production volumes partially caused by the early phase of the production ramp of the updated Model 3 at our Fremont factory, and factory shutdowns at Gigafactory Berlin-Brandenburg resulting from shipping diversions caused by the Red Sea conflict and an arson attack. In the first quarter of 2025, as we launch our New Model Y worldwide, we may similarly experience delays or declines in production volumes due t

[TSLA 2023 TSLA-2023-04202] . The next phase of production growth will depend on the continued ramp at our factories and the introduction of our next generation platform, as well as our ability to add to our available sources of battery cell supply by manufacturing our own cells that we are developing to have high-volume output, lower capital and production costs and longer range. Our goals are to improve vehicle performance, decrease production costs and increase affordability and customer awareness. These plans are subje

[TSLA 2000 TSLA-2000-02257] . Management Opportunities, Challenges and Risks and 2020 Outlook Automotive—Production A key focus in 2020 will be our efforts towards establishing and expanding capacity for vehicle production at volume across three continents. At the Fremont Factory, we commenced Model Y production earlier than anticipated, and combined with Model 3, we have installed annual production capacity for 400,000 vehicles. We expect to further increase this capacity to 500,000 vehicles through the installation of ad

[TSLA 1900 TSLA-1900-01540] . We may also experience similar future delays or other complications in bringing to market and ramping production of new vehicles, such as Model Y, the Tesla Semi, our planned pickup truck and new Tesla Roadster, our energy storage products and Solar Roof. Any significant additional delay or other complication in the production of and delivery capabilities for our current products or the development, manufacture, launch, production and delivery and servicing capability ramp of our future produc",extractive_fallback,"['TSLA-2024-04615', 'TSLA-2023-04202', 'TSLA-2000-02257', 'TSLA-1900-01540', 'TSLA-2000-03229', 'TSLA-2024-04614', 'TSLA-2017-00985', 'TSLA-2017-01107']","['. For example, during the first quarter of 2024, we experienced a sequential decline in production volumes partially caused by the early phase of the production ramp of the updated Model 3 at our Fremont factory, and factory shutdowns at Gigafactory Berlin-Brandenburg resulting from shipping diversions caused by the Red Sea conflict and an arson attack. In the first quarter of 2025, as we launch our New Model Y worldwide, we may similarly experience delays or declines in production volumes due to simultaneous manufacturing ramps in facilities on three continents. Moreover, we have set ambitious technological targets with our plans for battery cells as well as for iterative manufacturing and design improvements for our vehicles with each new factory. Automotive—Demand, Sales, Deliveries and Infrastructure Our cost reduction efforts, cost innovation strategies, and additional localized procurement and manufacturing are key to our vehicles’ affordability and have allowed us to competitively price our vehicles', '. The next phase of production growth will depend on the continued ramp at our factories and the introduction of our next generation platform, as well as our ability to add to our available sources of battery cell supply by manufacturing our own cells that we are developing to have high-volume output, lower capital and production costs and longer range. Our goals are to improve vehicle performance, decrease production costs and increase affordability and customer awareness. These plans are subject to uncertainties inherent in establishing and ramping manufacturing operations, which may be exacerbated by new product and manufacturing technologies we introduce, the number of concurrent international projects, any industry-wide component constraints, labor shortages and any future impact from events outside of our control. For example, during the third quarter of 2023, we experienced a sequential decline in production volumes due to pre-planned shutdowns for upgrades at various factories. Moreover, we have set ambitious technological targets with our plans for battery cells as well as for iterative manufacturing and design improvements for our vehicles with each new factory', '. Management Opportunities, Challenges and Risks and 2020 Outlook Automotive—Production A key focus in 2020 will be our efforts towards establishing and expanding capacity for vehicle production at volume across three continents. At the Fremont Factory, we commenced Model Y production earlier than anticipated, and combined with Model 3, we have installed annual production capacity for 400,000 vehicles. We expect to further increase this capacity to 500,000 vehicles through the installation of additional equipment. At Gigafactory Shanghai, we have installed annual production capacity for 150,000 Model 3 vehicles that we believe we will eventually be able to push to actual rates of production in excess of such number , subject to local production of battery packs, which we began ramping there later than other processes. We have commenced construction of the next phase of Gigafactory Shanghai to add Model Y manufacturing capacity at least equivalent to that for Model 3. To finance our construction and expansion, in December 2019 our local subsidiary entered into a RMB 9.0 billion (or the equivalent amount in U.S', '. We may also experience similar future delays or other complications in bringing to market and ramping production of new vehicles, such as Model Y, the Tesla Semi, our planned pickup truck and new Tesla Roadster, our energy storage products and Solar Roof. Any significant additional delay or other complication in the production of and delivery capabilities for our current products or the development, manufacture, launch, production and delivery and servicing capability ramp of our future products, including complications associated with expanding our production capacity, supply chain and delivery systems or obtaining or maintaining regulatory approvals, could materially damage our brand, business, prospects, financial condition and operating results. We have experienced in the past, and may experience in the future, delays in realizing our projected timelines and cost and volume targets for the production and ramp of Model 3 , which could harm our business , prospects , financial condition and operating results', '. We may also experience similar future delays in launching and/or ramping production of our energy storage products and Solar Roof; new product versions or variants such as the recently updated Model S and Model X; new vehicles such as Tesla Semi, Cybertruck and the new Tesla Roadster; and future features and services based on artificial intelligence, such as new Autopilot or FSD 14 functionalities, the autonomous Tesla ride-hailing network and robotics. Likewise, we may encounter delays with the design, construction and regulatory or other approvals necessary to build and bring online future manufacturing facilities and products. Any delay or other complication in ramping the production of our current products or the development, manufacture, launch and production ramp of our future products, features and services, or in doing so cost-effectively and with high quality, may harm our brand, business, prospects, financial condition and operating results. We may be unable to grow our global product sales, delivery and installation capabilities and our servicing and vehicle charging networks, or we may be unable to accurately project and effectively manage our growth', '. The next phase of production growth will depend on the continued ramp at our factories and be initiated by advances in autonomy and the introduction of new products, including those built on our next generation vehicle platform, as well as our ability to add to our available sources of battery cell supply by manufacturing our own cells that we are developing to have high-volume output, lower capital and production costs and longer range. Our goals are to improve vehicle performance, decrease production costs and increase affordability and customer awareness. These plans are subject to uncertainties inherent in establishing and ramping manufacturing operations, which may be exacerbated by new product and manufacturing technologies we introduce, the number of concurrent international projects, any industry-wide component constraints, labor shortages and any future impact from events outside of our control', '. We may also experience similar future delays or other complications in bringing to market and ramping production of new vehicles, such as our Tesla Semi truck, our planned Model Y and new Tesla Roadster, our energy storage products and the Solar Roof. Any significant additional delay or other complication in the production of our current products or the development, manufacture, launch and production ramp of our future products, including complications associated with expanding our production capacity and supply chain or obtaining or maintaining regulatory approvals, could materially damage our brand, business, prospects, financial condition and operating results. We may experience delays in realizing our projected timelines and cost and volume targets for the production and ramp of our Model 3 vehicle, which could harm our business , prospects , financial condition and operating results', '. With demand outpacing production, we expect our backlog to remain in excess of one year for the next several quarters. We expect energy storage products to experience significant growth, with our aim being to at least triple our sales in 2018. We are ramping up production for these products at our Gigafactory 1 over the next several quarters, but demand is greater than our current production capacity for energy storage. We expect energy generation and storage gross margin to improve significantly in 2018 as we enter the year with a backlog of higher-margin commercial solar projects and a more profitable energy storage business due to overall cost and manufacturing efficiencies from scaling. Trends in Cash Flow, Capital Expenditures and Operating Expenses Capital expenditures in 2018 are projected to be slightly more than 2017, with the majority of the spending to support increases in Model 3 production capacity at Gigafactory 1 and the Tesla Factory, and for building additional stores, service centers and Superchargers']","A strong answer discusses production ramp, manufacturing capacity, factories, scaling risk, delivery volume, and operational execution across several filing years."
q2_manufacturing_capacity,mmr,How did Tesla's manufacturing capacity and production ramp risks evolve from 2015 through 2025?,"Question: How did Tesla's manufacturing capacity and production ramp risks evolve from 2015 through 2025?

Retrieved Tesla filing evidence:

[TSLA 2024 TSLA-2024-04615] . For example, during the first quarter of 2024, we experienced a sequential decline in production volumes partially caused by the early phase of the production ramp of the updated Model 3 at our Fremont factory, and factory shutdowns at Gigafactory Berlin-Brandenburg resulting from shipping diversions caused by the Red Sea conflict and an arson attack. In the first quarter of 2025, as we launch our New Model Y worldwide, we may similarly experience delays or declines in production volumes due t

[TSLA 2015 TSLA-2015-00153] . We expect our annual production will increase considerably each year for the next several years. In addition, scaling our deliveries means that we will have an increasing number of cars in-transit, therefore production will exceed deliveries. During 2015, we achieved significant efficiencies in Model S production and produced 14,037 vehicles in the fourth quarter of 2015. We began production of Model X in the third quarter of 2015. We plan to deliver 80,000 to 90,000 new Model S and Model X ve

[TSLA 1900 TSLA-1900-01675] . We broke ground in January 2019, and subject to a number of uncertainties, including regulatory approval, supply chain constraints, and the pace of installing production equipment and bringing the factory online, we expect to begin production of certain trims of Model 3 at Gigafactory Shanghai by the end of 2019. We expect much of the investment in Gigafactory Shanghai to be provided through local debt financing, supported by limited direct capital expenditures by us. Moreover, we are targetin

[TSLA 2024 TSLA-2024-04613] . 32 Management Opportunities, Challenges and Uncertainties and 2025 Outlook Automotive—Production The following is a summary of the status of production of each of our announced vehicle models in production and under development, as of the date of this Annual Report on Form 10-K: Region Vehicle Model(s) Production Status California Model S / Model X Active Model 3 / Model Y Active Shanghai Model 3 / Model Y Active Berlin Model Y Active Texas Model Y Active Cybertruck Active Cybercab In developm",extractive_fallback,"['TSLA-2024-04615', 'TSLA-2015-00153', 'TSLA-1900-01675', 'TSLA-2024-04613', 'TSLA-2000-03229', 'TSLA-2017-01107', 'TSLA-2020-02697', 'TSLA-1900-01543']","['. For example, during the first quarter of 2024, we experienced a sequential decline in production volumes partially caused by the early phase of the production ramp of the updated Model 3 at our Fremont factory, and factory shutdowns at Gigafactory Berlin-Brandenburg resulting from shipping diversions caused by the Red Sea conflict and an arson attack. In the first quarter of 2025, as we launch our New Model Y worldwide, we may similarly experience delays or declines in production volumes due to simultaneous manufacturing ramps in facilities on three continents. Moreover, we have set ambitious technological targets with our plans for battery cells as well as for iterative manufacturing and design improvements for our vehicles with each new factory. Automotive—Demand, Sales, Deliveries and Infrastructure Our cost reduction efforts, cost innovation strategies, and additional localized procurement and manufacturing are key to our vehicles’ affordability and have allowed us to competitively price our vehicles', '. We expect our annual production will increase considerably each year for the next several years. In addition, scaling our deliveries means that we will have an increasing number of cars in-transit, therefore production will exceed deliveries. During 2015, we achieved significant efficiencies in Model S production and produced 14,037 vehicles in the fourth quarter of 2015. We began production of Model X in the third quarter of 2015. We plan to deliver 80,000 to 90,000 new Model S and Model X vehicles in 2016. 32 In addition to expanding our vehicle production, we expect to continue to lower the cost of manufacturing our vehicles over the next several quarters. We expect that this trend will contribute to improved au tomotive gross margin over time, excluding the impact of foreign currency movements. Significant cost improvements for Model S were achieved in 2014 and 2015 relating to material cost reductions from both engineering and commercial actions, and manufacturing efficiencies, excluding the impact of newly introduced Model S variants and Model X', '. We broke ground in January 2019, and subject to a number of uncertainties, including regulatory approval, supply chain constraints, and the pace of installing production equipment and bringing the factory online, we expect to begin production of certain trims of Model 3 at Gigafactory Shanghai by the end of 2019. We expect much of the investment in Gigafactory Shanghai to be provided through local debt financing, supported by limited direct capital expenditures by us. Moreover, we are targeting the capital expenditures per unit of production capacity at this factory to be less than that of our Model 3 production at the Tesla Factory, from which we have drawn learnings that should allow us to simplify our manufacturing layout and processes at Gigafactory Shanghai. Other Manufacturing We continue to expand production capacity at our existing facilities and construct our planned facilities, and continually explore additional production capacity internationally. 46 Critical Accounting Policies and Estimates The consolidated financial statements are prepared in accordance with accounting principles generally accepted in the U.S. (“GAAP”)', '. 32 Management Opportunities, Challenges and Uncertainties and 2025 Outlook Automotive—Production The following is a summary of the status of production of each of our announced vehicle models in production and under development, as of the date of this Annual Report on Form 10-K: Region Vehicle Model(s) Production Status California Model S / Model X Active Model 3 / Model Y Active Shanghai Model 3 / Model Y Active Berlin Model Y Active Texas Model Y Active Cybertruck Active Cybercab In development Nevada Tesla Semi Pilot production TBD Roadster In development We are focused on growing our manufacturing capacity, which includes capacity for manufacturing newer vehicle models such as our Cybertruck, Tesla Semi and future vehicles utilizing aspects of our next generation platform, and ramping the production at our Gigafactories to their installed production capacities as well as increasing production rate and efficiency at our current factories', '. We may also experience similar future delays in launching and/or ramping production of our energy storage products and Solar Roof; new product versions or variants such as the recently updated Model S and Model X; new vehicles such as Tesla Semi, Cybertruck and the new Tesla Roadster; and future features and services based on artificial intelligence, such as new Autopilot or FSD 14 functionalities, the autonomous Tesla ride-hailing network and robotics. Likewise, we may encounter delays with the design, construction and regulatory or other approvals necessary to build and bring online future manufacturing facilities and products. Any delay or other complication in ramping the production of our current products or the development, manufacture, launch and production ramp of our future products, features and services, or in doing so cost-effectively and with high quality, may harm our brand, business, prospects, financial condition and operating results. We may be unable to grow our global product sales, delivery and installation capabilities and our servicing and vehicle charging networks, or we may be unable to accurately project and effectively manage our growth', '. With demand outpacing production, we expect our backlog to remain in excess of one year for the next several quarters. We expect energy storage products to experience significant growth, with our aim being to at least triple our sales in 2018. We are ramping up production for these products at our Gigafactory 1 over the next several quarters, but demand is greater than our current production capacity for energy storage. We expect energy generation and storage gross margin to improve significantly in 2018 as we enter the year with a backlog of higher-margin commercial solar projects and a more profitable energy storage business due to overall cost and manufacturing efficiencies from scaling. Trends in Cash Flow, Capital Expenditures and Operating Expenses Capital expenditures in 2018 are projected to be slightly more than 2017, with the majority of the spending to support increases in Model 3 production capacity at Gigafactory 1 and the Tesla Factory, and for building additional stores, service centers and Superchargers', '. The contingencies inherent in the construction of and ramp at new facilities such as Gigafactory Shanghai, Gigafactory Berlin and Gigafactory Texas may be exacerbated by these challenges. We cannot predict the duration or direction of current global trends, the sustained impact of which is largely unknown, is rapidly evolving and has varied across geographic regions. Ultimately, we continue to monitor macroeconomic conditions to remain flexible and to optimize and evolve our business as appropriate, and we will have to accurately project demand and infrastructure requirements globally and deploy our production, workforce and other resources accordingly. If current global market conditions continue or worsen, or if we cannot or do not maintain operations at a scope that is commensurate with such conditions or are later required to or choose to suspend such operations again, our business, prospects, financial condition and operating results may be harmed. We may experience delays in launching and ramping the production of our products and features, or we may be unable to control our manufacturing costs', '. In some cases, we have temporarily reduced the levels of automation and introduced semi-automated or manual processes , at additional labor cost. Additional bottlenecks may also arise as we continue to ramp production at the Tesla Factory and commence the initial phase of Model 3 production at Gigafactory Shanghai, and it will be important that we address them promptly and in a cost-effective manner . Moreover, our Model 3 production plan has generally required to date significant investments of cash and management resources, and we expect to deploy some level of additional resources as we further progress our ramp and begin production in new locations in the future, such as China']","A strong answer discusses production ramp, manufacturing capacity, factories, scaling risk, delivery volume, and operational execution across several filing years."
q3_autopilot_self_driving,similarity,"What do the filings say about Autopilot, self-driving, artificial intelligence, or autonomous vehicle technology?","Question: What do the filings say about Autopilot, self-driving, artificial intelligence, or autonomous vehicle technology?

Retrieved Tesla filing evidence:

[TSLA 2024 TSLA-2024-04582] . We are continuing to develop our Autopilot and FSD (Supervised) technology. There are a variety of international, federal and state regulations that may apply to, and may adversely affect, the design and performance, sale, marketing, registration and operation of Autopilot and FSD (Supervised), and future capability, including autonomous vehicles that may not be operated by a human driver. This includes many existing vehicle standards that were not originally intended to apply to vehicles that

[TSLA 2023 TSLA-2023-04170] . We are continuing to develop our Autopilot and FSD Capability technology. There are a variety of international, federal and state regulations that may apply to, and may adversely affect, the design and performance, sale, marketing, registration and operation of Autopilot and FSD Capability, and future capability, including full self-driving vehicles that may not be operated by a human driver. This includes many existing vehicle standards that were not originally intended to apply to vehicles t

[TSLA 1900 TSLA-1900-01663] . Moreover, if our growing fleet of customer vehicles, particularly Model 3, experiences unexpected reliability issues, it could overburden our servicing capabilities. Finally, we are making progress with our self-driving technology, as well as the Autopilot features in our vehicles. Our neural net and functionality continue to improve, and we frequently release minor software updates and from time to time release key version updates. Recently, we launched a “Navigate on Autopilot” feature that 

[TSLA 2017 TSLA-2017-01038] . Additionally, our vehicles are equipped with a suite of driver-assistance features called autopilot, which help assist drivers with certain tedious and potentially dangerous aspects of road travel, but require drivers to remain engaged. There is a variety of international, federal, and state regulations that may apply to self-driving vehicles, which include many existing vehicle standards that were not originally intended to apply to vehicles that may not have a driver. Such regulations contin",extractive_fallback,"['TSLA-2024-04582', 'TSLA-2023-04170', 'TSLA-1900-01663', 'TSLA-2017-01038', 'TSLA-1900-01606', 'TSLA-2000-03296', 'TSLA-2022-03750', 'TSLA-2025-04861']","['. We are continuing to develop our Autopilot and FSD (Supervised) technology. There are a variety of international, federal and state regulations that may apply to, and may adversely affect, the design and performance, sale, marketing, registration and operation of Autopilot and FSD (Supervised), and future capability, including autonomous vehicles that may not be operated by a human driver. This includes many existing vehicle standards that were not originally intended to apply to vehicles that may not be operated by a human driver. Such regulations, including their enforcement or the enforcement policy associated with the regulations, continue to rapidly change, which increases the likelihood of a patchwork of complex or conflicting regulations, or may delay, restrict or prohibit the availability of certain functionalities and vehicle designs, which could adversely affect our business', '. We are continuing to develop our Autopilot and FSD Capability technology. There are a variety of international, federal and state regulations that may apply to, and may adversely affect, the design and performance, sale, marketing, registration and operation of Autopilot and FSD Capability, and future capability, including full self-driving vehicles that may not be operated by a human driver. This includes many existing vehicle standards that were not originally intended to apply to vehicles that may not be operated by a human driver. Such regulations continue to rapidly change, which increases the likelihood of a patchwork of complex or conflicting regulations, or may delay, restrict or prohibit the availability of certain functionalities and vehicle designs, which could adversely affect our business', '. Moreover, if our growing fleet of customer vehicles, particularly Model 3, experiences unexpected reliability issues, it could overburden our servicing capabilities. Finally, we are making progress with our self-driving technology, as well as the Autopilot features in our vehicles. Our neural net and functionality continue to improve, and we frequently release minor software updates and from time to time release key version updates. Recently, we launched a “Navigate on Autopilot” feature that allows enabled Tesla vehicles under appropriate circumstances and driver input to change lanes, transition between freeways and exit freeways. While we are subject to regulatory constraints over which we have no control, our ultimate goal is to achieve full autonomy. Additionally, there is growing competition from other automobile and technology companies in the area of self-driving', '. Additionally, our vehicles are equipped with a suite of driver-assistance features called autopilot, which help assist drivers with certain tedious and potentially dangerous aspects of road travel, but require drivers to remain engaged. There is a variety of international, federal, and state regulations that may apply to self-driving vehicles, which include many existing vehicle standards that were not originally intended to apply to vehicles that may not have a driver. Such regulations continue to rapidly change, which increases the likelihood of a patchwork of complex or conflicting regulations, or may delay products or restrict self-driving features and availability, any of which could adversely affect our business', '. Additionally, our vehicles are equipped with a suite of driver-assistance features called Autopilot, which help assist drivers with certain tedious and potentially dangerous aspects of road travel, but require drivers to remain engaged. There is a variety of international, federal and state regulations that may apply to self-driving vehicles, which include many existing vehicle standards that were not originally intended to apply to vehicles that may not have a driver. Such regulations continue to rapidly change, which increases the likelihood of a patchwork of complex or conflicting regulations, or may delay products or restrict self-driving features and availability, any of which could adversely affect our business', '. In particular, we offer in our vehicles Autopilot and FSD Capability features that today assist drivers with certain tedious and potentially dangerous aspects of road travel, but which currently require drivers to remain fully engaged in the driving operation. We are continuing to develop our FSD Capability technology with the goal of achieving fully self-driving capability in the future. There are a variety of international, federal and state regulations that may apply to the sale, registration and operation of fully self-driving vehicles, which include many existing vehicle standards that were not originally intended to apply to vehicles that may not have a human driver. Such regulations continue to rapidly change, which increases the likelihood of a patchwork of complex or conflicting regulations, or may delay products or restrict self-driving features and their availability, which could adversely affect our business', '. This process may include official review and certification of our vehicles by foreign regulatory agencies prior to market entry, as well as compliance with foreign reporting and recall management systems requirements. In particular, we offer in our vehicles in certain markets Autopilot and FSD Capability features that today assist drivers with certain tedious and potentially dangerous aspects of road travel, but which currently require drivers to remain fully engaged in the driving operation. We are continuing to develop our Autopilot and FSD Capability technology. There are a variety of international, federal and state regulations that may apply to, and may adversely affect, the design and performance, sale, registration and operation of Autopilot and FSD Capability, and future capability, including full self-driving vehicles that may not be operated by a human driver. This includes many existing vehicle standards that were not originally intended to apply to vehicles that may not be operated by a human driver', '. Future results may differ materially from the plans, intentions and expectations disclosed in the forward-looking statements that we make. These forward-looking statements involve risks and uncertainties that could cause our actual results to differ materially from those in the forward-looking statements, including, without limitation, the risks set forth in Part I, Item 1A, “Risk Factors” of the Annual Report on Form 10-K for the fiscal year ended December 31, 2025 and that are otherwise described or updated from time to time in our other filings with the Securities and Exchange Commission (the “SEC”). The discussion of such risks is not an indication that any such risks have occurred at the time of this filing. We do not assume any obligation to update any forward-looking statements. Table of Contents PART I ITEM 1. BUSINESS Overview We are focused on bringing artificial intelligence (“AI”) into the real world, through products and services like Full Self-Driving (“FSD”) (Supervised) and Robotaxi, as well as working to develop and commercialize AI robots (“Bots”) (including Optimus)']","A strong answer cites filing evidence about Autopilot, Full Self-Driving, autonomous driving, AI systems, safety, regulatory risk, and product development."
q3_autopilot_self_driving,mmr,"What do the filings say about Autopilot, self-driving, artificial intelligence, or autonomous vehicle technology?","Question: What do the filings say about Autopilot, self-driving, artificial intelligence, or autonomous vehicle technology?

Retrieved Tesla filing evidence:

[TSLA 2024 TSLA-2024-04582] . We are continuing to develop our Autopilot and FSD (Supervised) technology. There are a variety of international, federal and state regulations that may apply to, and may adversely affect, the design and performance, sale, marketing, registration and operation of Autopilot and FSD (Supervised), and future capability, including autonomous vehicles that may not be operated by a human driver. This includes many existing vehicle standards that were not originally intended to apply to vehicles that

[TSLA 2025 TSLA-2025-05225] . Oral argument occurred on November 20, 2025, and on December 2, 2025, the Ninth Circuit issued a memorandum decision affirming the district court’s dismissal of the amended complaint. On December 29, 2025, the Court’s clerk issued a mandate closing the case. On August 4, 2025, a proposed class action was filed in the U.S. District Court Western District of Texas against Tesla, Inc., Elon Musk, and certain current and former Company executives. The complaint alleges that the defendants violated

[TSLA 2025 TSLA-2025-04861] . Future results may differ materially from the plans, intentions and expectations disclosed in the forward-looking statements that we make. These forward-looking statements involve risks and uncertainties that could cause our actual results to differ materially from those in the forward-looking statements, including, without limitation, the risks set forth in Part I, Item 1A, “Risk Factors” of the Annual Report on Form 10-K for the fiscal year ended December 31, 2025 and that are otherwise desc

[TSLA 2025 TSLA-2025-04867] . Technology Automotive Self-Driving Development and Artificial Intelligence We use AI to develop real-world applications, such as autonomous driving solutions and robots. We utilize vision-based technologies, systems and software to train our artificial neural networks, which are accelerated by our own in-house, custom designed inference chips. We are also applying our artificial intelligence learnings from self-driving technology to Bots, such as Optimus, a general purpose, autonomous humanoid",extractive_fallback,"['TSLA-2024-04582', 'TSLA-2025-05225', 'TSLA-2025-04861', 'TSLA-2025-04867', 'TSLA-1900-01679', 'TSLA-2017-01013', 'TSLA-2015-00026', 'TSLA-1900-01663']","['. We are continuing to develop our Autopilot and FSD (Supervised) technology. There are a variety of international, federal and state regulations that may apply to, and may adversely affect, the design and performance, sale, marketing, registration and operation of Autopilot and FSD (Supervised), and future capability, including autonomous vehicles that may not be operated by a human driver. This includes many existing vehicle standards that were not originally intended to apply to vehicles that may not be operated by a human driver. Such regulations, including their enforcement or the enforcement policy associated with the regulations, continue to rapidly change, which increases the likelihood of a patchwork of complex or conflicting regulations, or may delay, restrict or prohibit the availability of certain functionalities and vehicle designs, which could adversely affect our business', '. Oral argument occurred on November 20, 2025, and on December 2, 2025, the Ninth Circuit issued a memorandum decision affirming the district court’s dismissal of the amended complaint. On December 29, 2025, the Court’s clerk issued a mandate closing the case. On August 4, 2025, a proposed class action was filed in the U.S. District Court Western District of Texas against Tesla, Inc., Elon Musk, and certain current and former Company executives. The complaint alleges that the defendants violated federal securities laws through alleged material misrepresentations in public filings regarding the effectiveness of Autopilot, Full-Self Driving (Supervised), and Robotaxi. The complaint seeks monetary damages and other relief on behalf of persons who purchased Tesla stock between April 19, 2023, and June 22, 2025. The Company intends to vigorously defend itself in these matters; however, we cannot predict the outcome or impact. We are unable to reasonably estimate the possible loss or range of loss, if any, associated with these claims, unless noted. 90 Benavides v. Tesla, Inc. On August 1, 2025, a jury in the U.S', '. Future results may differ materially from the plans, intentions and expectations disclosed in the forward-looking statements that we make. These forward-looking statements involve risks and uncertainties that could cause our actual results to differ materially from those in the forward-looking statements, including, without limitation, the risks set forth in Part I, Item 1A, “Risk Factors” of the Annual Report on Form 10-K for the fiscal year ended December 31, 2025 and that are otherwise described or updated from time to time in our other filings with the Securities and Exchange Commission (the “SEC”). The discussion of such risks is not an indication that any such risks have occurred at the time of this filing. We do not assume any obligation to update any forward-looking statements. Table of Contents PART I ITEM 1. BUSINESS Overview We are focused on bringing artificial intelligence (“AI”) into the real world, through products and services like Full Self-Driving (“FSD”) (Supervised) and Robotaxi, as well as working to develop and commercialize AI robots (“Bots”) (including Optimus)', '. Technology Automotive Self-Driving Development and Artificial Intelligence We use AI to develop real-world applications, such as autonomous driving solutions and robots. We utilize vision-based technologies, systems and software to train our artificial neural networks, which are accelerated by our own in-house, custom designed inference chips. We are also applying our artificial intelligence learnings from self-driving technology to Bots, such as Optimus, a general purpose, autonomous humanoid robot in development. Currently, we offer in our customer vehicles certain advanced driver assistance systems. Although at present, same as in the past, the driver is responsible for remaining fully engaged in the driving operation, these systems provide safety and convenience functionality that may relieve drivers of many tedious and potentially dangerous aspects of road travel much like the system that airplane pilots use, when conditions permit. As with other vehicle systems, we improve these functions in our customer vehicles through over-the-air software updates', '. Revenue related to Autopilot and full self-driving features is recognized when functionality is delivered to the customer. For our obligations related to automotive sales, we estimate standalone selling price by considering costs used to develop and deliver the service, third-party pricing of similar options and other information that may be available. At the time of revenue recognition, we reduce the transaction price and record a reserve against revenue for estimated variable consideration related to future product returns. Such estimates are based on historical experience and are immaterial in all periods presented. In addition, any fees that are paid or payable by us to a customer’s lender when we arrange the financing are recognized as an offset against automotive sales revenue. Costs to obtain a contract mainly relate to commissions paid to our sales personnel for the sale of vehicles. Commissions are not paid on other obligations such as access to our Supercharger network, internet connectivity, Autopilot, full self-driving and over-the-air software updates', '. Although we design our vehicles to be the safest vehicles on the road, product liability claims could harm our business, prospects, operating results and financial condition. The automobile industry in particular experiences significant product liability claims and we face inherent risk of exposure to claims in the event our vehicles do not perform as expected. As is true for other automakers, our cars have been involved and we expect in the future will be involved in crashes resulting in death or personal injury, and such crashes where autopilot is engaged are the subject of significant public attention. We have experienced and we expect to continue to face claims related to misuse or failures of new technologies that we are pioneering, including autopilot in our vehicles. Moreover, as our solar energy systems and energy storage products generate and store electricity, they have the potential to cause 20 injury to people or property. A successful product liability claim against us could require us to pay a substantial monetary award', '. Our autopilot systems relieve our drivers of the most tedious and potentially dangerous aspects of road travel. Although the driver is ultimately responsible for controlling the vehicle, our system provides safety and convenience functionality that allows our customers to rely on it much like the system that airplane pilots use when conditions permit. Our autopilot system leverages an advanced set of hardware including a forward radar, a forward-looking camera, 12 long-range ultrasonic sensors, and a high-precision digitally controlled electric assist braking system. This hardware suite, along with over-the-air firmware updates and field data feedback loops from the onboard camera, radar, ultrasonics, and GPS, enables the system to continually learn and improve its performance. Vehicle Design and Engineering In addition to the design, development and production of the powertrain, we have created significant in-house capabilities in the design and engineering of electric vehicles and electric vehicle components and systems', '. Moreover, if our growing fleet of customer vehicles, particularly Model 3, experiences unexpected reliability issues, it could overburden our servicing capabilities. Finally, we are making progress with our self-driving technology, as well as the Autopilot features in our vehicles. Our neural net and functionality continue to improve, and we frequently release minor software updates and from time to time release key version updates. Recently, we launched a “Navigate on Autopilot” feature that allows enabled Tesla vehicles under appropriate circumstances and driver input to change lanes, transition between freeways and exit freeways. While we are subject to regulatory constraints over which we have no control, our ultimate goal is to achieve full autonomy. Additionally, there is growing competition from other automobile and technology companies in the area of self-driving']","A strong answer cites filing evidence about Autopilot, Full Self-Driving, autonomous driving, AI systems, safety, regulatory risk, and product development."
q4_regulatory_risk,similarity,What regulatory risks appear repeatedly in Tesla's multi-year 10-K filings?,"Question: What regulatory risks appear repeatedly in Tesla's multi-year 10-K filings?

Retrieved Tesla filing evidence:

[TSLA 2000 TSLA-2000-03223] . Available Information We file or furnish periodic reports and amendments thereto, including our Annual Reports on Form 10-K, our Quarterly Reports on Form 10-Q and Current Reports on Form 8-K, proxy statements and other information with the SEC. In addition, the SEC maintains a website ( www.sec.gov ) that contains reports, proxy and information statements, and other information regarding issuers that file electronically. Our website is located at www.tesla.com , and our reports, amendments th

[TSLA 2024 TSLA-2024-04518] . In addition, the SEC maintains a website ( www.sec.gov ) that contains reports, proxy and information statements, and other information regarding issuers that file electronically. Our website is located at www.tesla.com , and our reports, amendments thereto, proxy statements and other information are also made available, free of charge, on our investor relations website at ir.tesla.com as soon as reasonably practicable after we electronically file or furnish such information with the SEC. The 

[TSLA 2025 TSLA-2025-04906] . In addition, the SEC maintains a website ( www.sec.gov ) that contains reports, proxy and information statements, and other information regarding issuers that file electronically. Our website is located at www.tesla.com , and our reports, amendments thereto, proxy statements and other information are also made available, free of charge, on our investor relations website at ir.tesla.com as soon as reasonably practicable after we electronically file or furnish such information with the SEC. The 

[TSLA 2023 TSLA-2023-04062] . Actual results or events could differ materially from the plans, intentions and expectations disclosed in the forward-looking statements that we make. These forward-looking statements involve risks and uncertainties that could cause our actual results to differ materially from those in the forward-looking statements, including, without limitation, the risks set forth in Part I, Item 1A, “Risk Factors” of the Annual Report on Form 10-K for the fiscal year ended December 31, 2023 and that are ot",extractive_fallback,"['TSLA-2000-03223', 'TSLA-2024-04518', 'TSLA-2025-04906', 'TSLA-2023-04062', 'TSLA-2020-02694', 'TSLA-2022-03683', 'TSLA-2024-04470', 'TSLA-2016-00809']","['. Available Information We file or furnish periodic reports and amendments thereto, including our Annual Reports on Form 10-K, our Quarterly Reports on Form 10-Q and Current Reports on Form 8-K, proxy statements and other information with the SEC. In addition, the SEC maintains a website ( www.sec.gov ) that contains reports, proxy and information statements, and other information regarding issuers that file electronically. Our website is located at www.tesla.com , and our reports, amendments thereto, proxy statements and other information are also made available, free of charge, on our investor relations website at ir.tesla.com as soon as reasonably practicable after we electronically file or furnish such information with the SEC. The information posted on our website is not incorporated by reference into this Annual Report on Form 10-K. 13 ITEM 1A. RISK FACTORS You should carefully consider the risks described below together with the other information set forth in this report, which could materially affect our business, financial condition and future results. The risks described below are not the only risks facing our company', '. In addition, the SEC maintains a website ( www.sec.gov ) that contains reports, proxy and information statements, and other information regarding issuers that file electronically. Our website is located at www.tesla.com , and our reports, amendments thereto, proxy statements and other information are also made available, free of charge, on our investor relations website at ir.tesla.com as soon as reasonably practicable after we electronically file or furnish such information with the SEC. The information posted on our website is not incorporated by reference into this Annual Report on Form 10-K. ITEM 1A. RISK FACTORS You should carefully consider the risks described below together with the other information set forth in this report, which could materially affect our business, financial condition and future results. The risks described below are not the only risks facing our company. Risks and uncertainties not currently known to us or that we currently deem to be immaterial also may materially adversely affect our business, financial condition and operating results', '. In addition, the SEC maintains a website ( www.sec.gov ) that contains reports, proxy and information statements, and other information regarding issuers that file electronically. Our website is located at www.tesla.com , and our reports, amendments thereto, proxy statements and other information are also made available, free of charge, on our investor relations website at ir.tesla.com as soon as reasonably practicable after we electronically file or furnish such information with the SEC. The information posted on our website is not incorporated by reference into this Annual Report on Form 10-K. ITEM 1A. RISK FACTORS You should carefully consider the risks described below together with the other information set forth in this report, which could materially affect our business, financial condition and future results. The risks described below are not the only risks facing our company. Risks and uncertainties not currently known to us or that we currently deem to be immaterial also may materially adversely affect our business, financial condition and operating results', '. Actual results or events could differ materially from the plans, intentions and expectations disclosed in the forward-looking statements that we make. These forward-looking statements involve risks and uncertainties that could cause our actual results to differ materially from those in the forward-looking statements, including, without limitation, the risks set forth in Part I, Item 1A, “Risk Factors” of the Annual Report on Form 10-K for the fiscal year ended December 31, 2023 and that are otherwise described or updated from time to time in our other filings with the Securities and Exchange Commission (the “SEC”). The discussion of such risks is not an indication that any such risks have occurred at the time of this filing. We do not assume any obligation to update any forward-looking statements. Table of Contents PART I ITEM 1. BUSINESS Overview We design, develop, manufacture, sell and lease high-performance fully electric vehicles and energy generation and storage systems, and offer services related to our products', '. In addition, the SEC maintains a website ( www.sec.gov ) that contains reports, proxy and information statements, and other information regarding issuers that file electronically. Our website is located at www.tesla.com , and our reports, amendments thereto, proxy statements and other information are also made available, free of charge, on our investor relations website at ir.tesla.com as soon as reasonably practicable after we electronically file or furnish such information with the SEC. The information posted on our website is not incorporated by reference into this Annual Report on Form 10-K. 13 ITEM 1A. RISK FACTORS You should carefully consider the risks described below together with the other information set forth in this report, which could materially affect our business, financial condition and future results. The risks described below are not the only risks facing our company. Risks and uncertainties not currently known to us or that we currently deem to be immaterial also may materially adversely affect our business, financial condition and operating results', '. In addition, the SEC maintains a website ( www.sec.gov ) that contains reports, proxy and information statements, and other information regarding issuers that file electronically. Our website is located at www.tesla.com , and our reports, amendments thereto, proxy statements and other information are also made available, free of charge, on our investor relations website at ir.tesla.com as soon as reasonably practicable after we electronically file or furnish such information with the SEC. The information posted on our website is not incorporated by reference into this Annual Report on Form 10-K. 13 ITEM 1A. RISK FACTORS You should carefully consider the risks described below together with the other information set forth in this report, which could materially affect our business, financial condition and future results. The risks described below are not the only risks facing our company. Risks and uncertainties not currently known to us or that we currently deem to be immaterial also may materially adversely affect our business, financial condition and operating results', '. Future results may differ materially from the plans, intentions and expectations disclosed in the forward-looking statements that we make. These forward-looking statements involve risks and uncertainties that could cause our actual results to differ materially from those in the forward-looking statements, including, without limitation, the risks set forth in Part I, Item 1A, “Risk Factors” of the Annual Report on Form 10-K for the fiscal year ended December 31, 2024 and that are otherwise described or updated from time to time in our other filings with the Securities and Exchange Commission (the “SEC”). The discussion of such risks is not an indication that any such risks have occurred at the time of this filing. We do not assume any obligation to update any forward-looking statements. Table of Contents PART I ITEM 1. BUSINESS Overview We design, develop, manufacture, sell and lease high-performance fully electric vehicles and energy generation and storage systems, and offer services related to our products', '. In addition, from time to time, third parties may assert intellectual property infringement claims against us in the form of letters and other forms of communication. If an unfavorable ruling were to occur, there exists the possibility of a material adverse impact on our results of operations, prospects, cash flows, financial position and brand. In November 2013, a putative securities class action lawsuit was filed against Tesla in U.S. District Court, Northern District of California, alleging violations of, and seeking remedies pursuant to, Sections 10(b) and 20(a) of the Securities Exchange Act of 1934 and Rule 10b-5. The complaint made claims against Tesla and our CEO, Elon Musk, sought damages and attorney’s fees on the basis of allegations that, among other things, Tesla and Mr. Musk made false and/or misleading representations and omissions, including with respect to the safety of Model S. This case was brought on behalf of a putative class consisting of certain persons who purchased Tesla’s securities between August 19, 2013 and November 17, 2013. On September 26, 2014, the trial court, upon the motion of Tesla and Mr']","A strong answer identifies recurring regulatory themes such as vehicle safety, emissions, energy, consumer protection, data, labor, international operations, and securities or compliance risk."
q4_regulatory_risk,mmr,What regulatory risks appear repeatedly in Tesla's multi-year 10-K filings?,"Question: What regulatory risks appear repeatedly in Tesla's multi-year 10-K filings?

Retrieved Tesla filing evidence:

[TSLA 2000 TSLA-2000-03223] . Available Information We file or furnish periodic reports and amendments thereto, including our Annual Reports on Form 10-K, our Quarterly Reports on Form 10-Q and Current Reports on Form 8-K, proxy statements and other information with the SEC. In addition, the SEC maintains a website ( www.sec.gov ) that contains reports, proxy and information statements, and other information regarding issuers that file electronically. Our website is located at www.tesla.com , and our reports, amendments th

[TSLA 2022 TSLA-2022-03710] . Our products are also highly dependent on software, which is inherently complex and may contain latent defects or errors or be subject to external attacks. Issues experienced by our customers have included those related to taillights, seat belt chimes and display screens in certain Tesla models. Although we attempt to remedy any issues we observe in our products as effectively and rapidly as possible, such efforts may not be timely, may hamper production or may not completely satisfy our custo

[TSLA 2023 TSLA-2023-04401] . 87 Between October 17, 2018 and March 8, 2021, seven derivative lawsuits were filed in the Delaware Court of Chancery, purportedly on behalf of Tesla, against Mr. Musk and the members of Tesla’s board of directors, as constituted at relevant times, in relation to statements made and actions connected to a potential going private transaction, with certain of the lawsuits challenging additional Twitter posts by Mr. Musk, among other things. Five of those actions were consolidated, and all seven 

[TSLA 2017 TSLA-2017-01072] . Our facilities or operations could be damaged or adversely affected as a result of disasters. Our corporate headquarters, the Tesla Factory and Gigafactory 1 are located in seismically active regions in Northern California and Nevada. If major disasters such as earthquakes or other events occur, or our information system or communications network breaks down or operates improperly, our headquarters and production facilities may be seriously damaged, or we may have to stop or delay production a",extractive_fallback,"['TSLA-2000-03223', 'TSLA-2022-03710', 'TSLA-2023-04401', 'TSLA-2017-01072', 'TSLA-2023-04192', 'TSLA-2025-04861', 'TSLA-2015-00000', 'TSLA-2024-04807']","['. Available Information We file or furnish periodic reports and amendments thereto, including our Annual Reports on Form 10-K, our Quarterly Reports on Form 10-Q and Current Reports on Form 8-K, proxy statements and other information with the SEC. In addition, the SEC maintains a website ( www.sec.gov ) that contains reports, proxy and information statements, and other information regarding issuers that file electronically. Our website is located at www.tesla.com , and our reports, amendments thereto, proxy statements and other information are also made available, free of charge, on our investor relations website at ir.tesla.com as soon as reasonably practicable after we electronically file or furnish such information with the SEC. The information posted on our website is not incorporated by reference into this Annual Report on Form 10-K. 13 ITEM 1A. RISK FACTORS You should carefully consider the risks described below together with the other information set forth in this report, which could materially affect our business, financial condition and future results. The risks described below are not the only risks facing our company', '. Our products are also highly dependent on software, which is inherently complex and may contain latent defects or errors or be subject to external attacks. Issues experienced by our customers have included those related to taillights, seat belt chimes and display screens in certain Tesla models. Although we attempt to remedy any issues we observe in our products as effectively and rapidly as possible, such efforts may not be timely, may hamper production or may not completely satisfy our customers. While we have performed, and continue to perform, extensive internal testing on our products and features, we currently have a limited frame of reference by which to evaluate their long-term quality, reliability, durability and performance characteristics. There can be no assurance that we will be able to detect and fix any defects in our products prior to their sale to or installation for customers. We may be required to defend or insure against product liability claims. The automobile industry generally experiences significant product liability claims, and as such we face the risk of such claims in the event our vehicles do not perform or are claimed to not have performed as expected', '. 87 Between October 17, 2018 and March 8, 2021, seven derivative lawsuits were filed in the Delaware Court of Chancery, purportedly on behalf of Tesla, against Mr. Musk and the members of Tesla’s board of directors, as constituted at relevant times, in relation to statements made and actions connected to a potential going private transaction, with certain of the lawsuits challenging additional Twitter posts by Mr. Musk, among other things. Five of those actions were consolidated, and all seven actions have been stayed pending resolution of the appeal in the above-referenced consolidated purported stockholder class action. In addition to these cases, two derivative lawsuits were filed on October 25, 2018 and February 11, 2019 in the U.S. District Court for the District of Delaware, purportedly on behalf of Tesla, against Mr. Musk and the members of the Tesla board of directors as then constituted. Those cases have also been consolidated and stayed pending resolution of the appeal in the above-referenced consolidated purported stockholder class action', '. Our facilities or operations could be damaged or adversely affected as a result of disasters. Our corporate headquarters, the Tesla Factory and Gigafactory 1 are located in seismically active regions in Northern California and Nevada. If major disasters such as earthquakes or other events occur, or our information system or communications network breaks down or operates improperly, our headquarters and production facilities may be seriously damaged, or we may have to stop or delay production and shipment of our products. We may incur expenses relating to such damages, which could have a material adverse impact on our business, operating results and financial condition. 31 Risks Related to the Ownership of Our Common Stock The trading price of our common stock is likely to continue to be volatile. The trading price of our common stock has been highly volatile and could continue to be subject to wide fluctuations in response to various factors, some of which are beyond our control. Our common stock has experienced an intra-day trading high of $389.61 per share and a low of $242.01 per share over the last 52 weeks', '. In addition, each of the matters below is being disclosed pursuant to Item 103 of Regulation S-K because it relates to environmental regulations and aggregate civil penalties that we currently believe could potentially exceed $1 million. We believe that any proceeding that is material to our business or financial condition is likely to have potential penalties far in excess of such amount. District attorneys in certain California counties conducted an investigation into Tesla’s waste segregation practices pursuant to Cal. Health & Saf. Code § 25100 et seq. and Cal. Civil Code § 1798.80. Tesla has implemented various remedial measures, including conducting training and audits, and enhancements to its site waste management programs, and settlement discussions are ongoing. While the outcome of this matter cannot be determined at this time, it is not currently expected to have a material adverse impact on our business. ITEM 4. MINE SAFETY DISCLOSURES Not applicable. 30 PART II ITEM 5', '. Future results may differ materially from the plans, intentions and expectations disclosed in the forward-looking statements that we make. These forward-looking statements involve risks and uncertainties that could cause our actual results to differ materially from those in the forward-looking statements, including, without limitation, the risks set forth in Part I, Item 1A, “Risk Factors” of the Annual Report on Form 10-K for the fiscal year ended December 31, 2025 and that are otherwise described or updated from time to time in our other filings with the Securities and Exchange Commission (the “SEC”). The discussion of such risks is not an indication that any such risks have occurred at the time of this filing. We do not assume any obligation to update any forward-looking statements. Table of Contents PART I ITEM 1. BUSINESS Overview We are focused on bringing artificial intelligence (“AI”) into the real world, through products and services like Full Self-Driving (“FSD”) (Supervised) and Robotaxi, as well as working to develop and commercialize AI robots (“Bots”) (including Optimus)', '10-K 1 tsla-10k_20151231.htm 10-K tsla-10k_20151231.htm UNITED STATES SECURITIES AND EXCHANGE COMMISSION Washington, D.C. 20549 FORM 10-K (Mark One) x ANNUAL REPORT PURSUANT TO SECTION 13 OR 15(d) OF THE SECURITIES EXCHANGE ACT OF 1934 For the fiscal year ended December 31, 2015 OR ¨ TRANSITION REPORT PURSUANT TO SECTION 13 OR 15(d) OF THE SECURITIES EXCHANGE ACT OF 1934 For the transition period from to Commission File Number: 001-34756 Tesla Motors, Inc. (Exact name of registrant as specified in its charter) Delaware 91-2197729 (State or other jurisdiction of incorporation or organization) (I.R.S. Employer Identification No.) 3500 Deer Creek Road Palo Alto, California 94304 (Address of principal executive offices) (Zip Code) (650) 681-5000 (Registrant’s telephone number, including area code) Securities registered pursuant to Section 12(b) of the Act: Title of each class Name of each exchange on which registered Common Stock, $0.001 par value The NASDAQ Stock Market LLC Securities registered pursuant to Section 12(g) of the Act: None Indicate by check mark whether the registrant is a well-known seasoned issuer, as defined in Rule 405 of the Securities Act', '. To our knowledge no government agency in any ongoing investigation has concluded that any wrongdoing occurred. We cannot predict the outcome or impact of any ongoing matters. Should the government decide to pursue an enforcement action, there exists the possibility of a material adverse impact on our business, results of operation, prospects, cash flows, financial position or brand. We are also subject to various other legal proceedings, risks and claims that arise from the normal course of business activities. For example, during the second quarter of 2023, a foreign news outlet reported that it obtained certain misappropriated data including, purportedly non-public Tesla business and personal information. Tesla has made notifications to potentially affected individuals (current and former employees) and regulatory authorities and we are working with certain law enforcement and other authorities. On August 5, 2023, a putative class action was filed in the United States District Court for the Northern District of California, purportedly on behalf of all U.S']","A strong answer identifies recurring regulatory themes such as vehicle safety, emissions, energy, consumer protection, data, labor, international operations, and securities or compliance risk."
q5_revenue_business_model,similarity,How did Tesla's business model and revenue sources change across the filing years?,"Question: How did Tesla's business model and revenue sources change across the filing years?

Retrieved Tesla filing evidence:

[TSLA 2015 TSLA-2015-00181] . Results of Operations Revenues Automotive revenue includes revenues related to deliveries of new Model S and Model X vehicles, including internet connectivity, Supercharging access, and over the air software updates, as well as sales of regulatory credits to other automotive manufacturers, amortization of revenue for cars sold with resale value guarantees, and vehicle leasing revenue. Services and other revenue consists of repair and maintenance services, service plans and merchandise, sales o

[TSLA 2016 TSLA-2016-00489] . Our financial results may vary significantly from period-to-period due to fluctuations in our operating costs. We expect our period-to-period financial results to vary based on our operating costs which we anticipate will increase significantly in future periods as we, among other things, design, develop and manufacture Model 3, energy storage and solar products and other future products, increase the production capacity at our manufacturing facilities to produce vehicles at higher volumes, in

[TSLA 2015 TSLA-2015-00113] . Our financial results may vary significantly from period-to-period due to fluctuations in our operating costs. We expect our period-to-period operating results to vary based on our operating costs which we anticipate will increase significantly in future periods as we, among other things, design, develop and manufacture Model 3, Tesla Energy products and other future products, increase the production capacity at our manufacturing facilities to produce vehicles at higher volumes, including ramp

[TSLA 2015 TSLA-2015-00183] . The increase in cost of automotive revenues was driven primarily by increased Model S deliveries. For the years ended December 31, 2015, 2014, and 2013, we recognized $172.4 million, $84.5, and $21.1 million in cost of automotive revenues related to cars accounted for as operating leases. Cost of services and other revenue includes direct parts, material and labor costs for repair and maintenance services, allocations of service center overhead costs, pre-owned Tesla vehicle sales, sales of ou",extractive_fallback,"['TSLA-2015-00181', 'TSLA-2016-00489', 'TSLA-2015-00113', 'TSLA-2015-00183', 'TSLA-2015-00233', 'TSLA-2022-03801', 'TSLA-2024-04682', 'TSLA-2023-04417']","['. Results of Operations Revenues Automotive revenue includes revenues related to deliveries of new Model S and Model X vehicles, including internet connectivity, Supercharging access, and over the air software updates, as well as sales of regulatory credits to other automotive manufacturers, amortization of revenue for cars sold with resale value guarantees, and vehicle leasing revenue. Services and other revenue consists of repair and maintenance services, service plans and merchandise, sales of pre-owned Tesla vehicles, sales of electric vehicle powertrain components and systems to other manufacturers, Tesla Energy products, and net sales of non-Tesla vehicle trade-ins. Automotive revenue during the years ended December 31, 2015, 2014, and 2013 were $3.74 billion, $3.00 billion, and $1.92 billion. The increase was primarily driven by the ramp in vehicle deliveries. For the years ended December 31, 2015, 2014, and 2013 automotive revenue includes $309.4 million, $132.6 million and $33.5 million from the accretion of the deferred revenues from our resale value guarantee and other similar programs, as well as Tesla leasing', '. Our financial results may vary significantly from period-to-period due to fluctuations in our operating costs. We expect our period-to-period financial results to vary based on our operating costs which we anticipate will increase significantly in future periods as we, among other things, design, develop and manufacture Model 3, energy storage and solar products and other future products, increase the production capacity at our manufacturing facilities to produce vehicles at higher volumes, including ramping up the production of Model S and Model X, expand Gigafactory 1, open new Tesla stores and service centers with maintenance and repair capabilities, open new Supercharger locations, develop Gigafactory 2, increase our sales and marketing activities, and increase our general and administrative functions to support our growing operations. As a result of these factors, we believe that quarter-to-quarter comparisons of our financial results, especially in the short-term, are not necessarily meaningful and that these comparisons cannot be relied upon as indicators of future performance', '. Our financial results may vary significantly from period-to-period due to fluctuations in our operating costs. We expect our period-to-period operating results to vary based on our operating costs which we anticipate will increase significantly in future periods as we, among other things, design, develop and manufacture Model 3, Tesla Energy products and other future products, increase the production capacity at our manufacturing facilities to produce vehicles at higher volumes, including ramping up the production of Model X, develop the Gigafactory, open new Tesla service centers with maintenance and repair capabilities, open new Supercharger locations, increase our sales and marketing activities, and increase our general and administrative functions to support our growing operations. As a result of these factors, we believe that quarter-to-quarter comparisons of our operating results, especially in the short-term, are not necessarily meaningful and that these comparisons cannot be relied upon as indicators of future performance. Moreover, our operating results may not meet expectations of equity research analysts or investors', '. The increase in cost of automotive revenues was driven primarily by increased Model S deliveries. For the years ended December 31, 2015, 2014, and 2013, we recognized $172.4 million, $84.5, and $21.1 million in cost of automotive revenues related to cars accounted for as operating leases. Cost of services and other revenue includes direct parts, material and labor costs for repair and maintenance services, allocations of service center overhead costs, pre-owned Tesla vehicle sales, sales of our powertrain components, and costs related to the production and sale of Tesla Energy products. For the years ended December 31, 2015, 2014, and 2013 costs of services and other revenue were $299.2 million, $170.9 million, and $73.9 million. The increase in cost of services and other revenues was driven primarily by greater pre-owned vehicle sales and increased maintenance and repair services in all years, and increased powertrain sales to Daimler in 2014 as compared to 2013', '. 51 Tesla Motors, Inc. Notes to Consolidated Financial Statements Note 1 - Overview of the Company Tesla Motors, Inc. (Tesla, we, us or our) was incorporated in the state of Delaware on July 1, 2003. We design, develop, manufacture, and sell high-performance fully electric vehicles, and stationary energy storage products. We have wholly-owned subsidiaries in North America, Europe and Asia. The primary purpose of these subsidiaries is to market, manufacture, sell and/or service our vehicles. Note 2 - Summary of Significant Accounting Policies Basis of Consolidation The consolidated financial statements include the accounts of Tesla and its wholly owned subsidiaries. Inter-company balances and transactions between consolidated entities have been eliminated. Use of Estimates The preparation of financial statements in conformity with accounting principles generally accepted in the United States of America requires management to make estimates and assumptions that affect the reported amounts of assets and liabilities and disclosure of contingent liabilities and accompanying notes', '. Services and other revenue increased $2.29 billion, or 60%, in the year ended December 31, 2022 as compared to the year ended December 31, 2021. The change is primarily due to increase in used vehicle revenue driven by increases in volume and average selling prices of used Tesla and non-Tesla vehicles, non-warranty maintenance services revenue as our fleet continues to grow, paid Supercharging revenue, insurance services revenue and retail merchandise revenue. 37 Energy Generation and Storage Segment Energy generation and storage revenue includes sales and leasing of solar energy generation and energy storage products, financing of solar energy generation products, services related to such products and sales of solar energy systems incentives. 2022 compared to 2021 Energy generation and storage revenue increased $1.12 billion, or 40%, in the year ended December 31, 2022 as compared to the year ended December 31, 2021, primarily due to an increase in energy storage deployments of Megapack, Powerwall and higher average selling price of Megapack, as well as on solar cash and loan deployments driven by price increases in 2022', '. 52 Tesla, Inc. Notes to Consolidated Financial Statements Note 1 – Overview Tesla, Inc. (“Tesla”, the “Company”, “we”, “us” or “our”) was incorporated in the State of Delaware on July 1, 2003 and converted to a Texas corporation on June 13, 2024. We design, develop, manufacture, sell and lease high-performance fully electric vehicles and energy generation and storage systems, and offer services related to our products. Note 2 – Summary of Significant Accounting Policies Principles of Consolidation The accompanying consolidated financial statements have been prepared in conformity with GAAP and reflect our accounts and operations and those of our subsidiaries in which we have a controlling financial interest. In accordance with the provisions of ASC 810, Consolidation (“ASC 810”), we consolidate any variable interest entity (“VIE”) of which we are the primary beneficiary. We have formed VIEs with financing fund investors in the ordinary course of business in order to facilitate the funding and monetization of certain attributes associated with solar energy systems and leases under our direct vehicle leasing programs', '. However, given the significant amounts involved, our CEO entered into an indemnification agreement with us in November 2021 for additional taxes owed, if any. Tesla periodically does business with certain entities with which its CEO and directors are affiliated, such as SpaceX and X Corp., in accordance with our Related Person Transactions Policy. Such transactions have not had to date, and are not currently expected to have, a material impact on our consolidated financial statements. 91 Note 18 – Segment Reporting and Information about Geographic Areas We have two operating and reportable segments: (i) automotive and (ii) energy generation and storage. The automotive segment includes the design, development, manufacturing, sales and leasing of electric vehicles as well as sales of automotive regulatory credits. Additionally, the automotive segment is also comprised of services and other, which includes sales of used vehicles, non-warranty after-sales vehicle services, body shop and parts, paid Supercharging, vehicle insurance revenue and retail merchandise']","A strong answer compares automotive revenue with energy generation and storage, services, leasing, regulatory credits, growth in deliveries, and changes in operating scale."
q5_revenue_business_model,mmr,How did Tesla's business model and revenue sources change across the filing years?,"Question: How did Tesla's business model and revenue sources change across the filing years?

Retrieved Tesla filing evidence:

[TSLA 2015 TSLA-2015-00181] . Results of Operations Revenues Automotive revenue includes revenues related to deliveries of new Model S and Model X vehicles, including internet connectivity, Supercharging access, and over the air software updates, as well as sales of regulatory credits to other automotive manufacturers, amortization of revenue for cars sold with resale value guarantees, and vehicle leasing revenue. Services and other revenue consists of repair and maintenance services, service plans and merchandise, sales o

[TSLA 2024 TSLA-2024-04577] . and abroad, including certain tax exemptions, tax credits and rebates, may be reduced, eliminated, amended or exhausted from time to time. For example, previously available incentives favoring electric vehicles in certain areas have expired or were cancelled or temporarily unavailable, and in some cases were not eventually replaced or reinstituted, which may have negatively impacted sales. In addition, certain government and economic incentives may also be implemented or amended to provide ben

[TSLA 2025 TSLA-2025-05081] . 53 Tesla, Inc. Notes to Consolidated Financial Statements Note 1 – Overview Tesla, Inc. (“Tesla”, the “Company”, “we”, “us” or “our”) was incorporated in the State of Delaware on July 1, 2003 and converted to a Texas corporation on June 13, 2024. We are focused on bringing artificial intelligence (“AI”) into the real world, through products and services like Full Self-Driving (“FSD”) (Supervised) and Robotaxi, as well as working to develop and commercialize AI robots (“Bots”) (including Optimu

[TSLA 2015 TSLA-2015-00113] . Our financial results may vary significantly from period-to-period due to fluctuations in our operating costs. We expect our period-to-period operating results to vary based on our operating costs which we anticipate will increase significantly in future periods as we, among other things, design, develop and manufacture Model 3, Tesla Energy products and other future products, increase the production capacity at our manufacturing facilities to produce vehicles at higher volumes, including ramp",extractive_fallback,"['TSLA-2015-00181', 'TSLA-2024-04577', 'TSLA-2025-05081', 'TSLA-2015-00113', 'TSLA-2023-04417', 'TSLA-1900-01536', 'TSLA-1900-01664', 'TSLA-2022-03830']","['. Results of Operations Revenues Automotive revenue includes revenues related to deliveries of new Model S and Model X vehicles, including internet connectivity, Supercharging access, and over the air software updates, as well as sales of regulatory credits to other automotive manufacturers, amortization of revenue for cars sold with resale value guarantees, and vehicle leasing revenue. Services and other revenue consists of repair and maintenance services, service plans and merchandise, sales of pre-owned Tesla vehicles, sales of electric vehicle powertrain components and systems to other manufacturers, Tesla Energy products, and net sales of non-Tesla vehicle trade-ins. Automotive revenue during the years ended December 31, 2015, 2014, and 2013 were $3.74 billion, $3.00 billion, and $1.92 billion. The increase was primarily driven by the ramp in vehicle deliveries. For the years ended December 31, 2015, 2014, and 2013 automotive revenue includes $309.4 million, $132.6 million and $33.5 million from the accretion of the deferred revenues from our resale value guarantee and other similar programs, as well as Tesla leasing', '. and abroad, including certain tax exemptions, tax credits and rebates, may be reduced, eliminated, amended or exhausted from time to time. For example, previously available incentives favoring electric vehicles in certain areas have expired or were cancelled or temporarily unavailable, and in some cases were not eventually replaced or reinstituted, which may have negatively impacted sales. In addition, certain government and economic incentives may also be implemented or amended to provide benefits to manufacturers who assemble domestically, have local suppliers or have other characteristics that may not apply to Tesla. Such developments could negatively impact demand for our vehicles, and we and our customers may have to adjust to them, including through pricing modifications. In addition, certain governmental rebates, tax credits and other financial incentives that are currently available with respect to our solar and energy storage product businesses allow us to lower our costs and encourage customers to buy our products and investors to invest in our solar financing funds', '. 53 Tesla, Inc. Notes to Consolidated Financial Statements Note 1 – Overview Tesla, Inc. (“Tesla”, the “Company”, “we”, “us” or “our”) was incorporated in the State of Delaware on July 1, 2003 and converted to a Texas corporation on June 13, 2024. We are focused on bringing artificial intelligence (“AI”) into the real world, through products and services like Full Self-Driving (“FSD”) (Supervised) and Robotaxi, as well as working to develop and commercialize AI robots (“Bots”) (including Optimus). We intend to leverage our current operations, in which we design, develop, manufacture, sell and lease high-performance fully electric vehicles and energy generation and storage systems that increasingly deliver AI-related and enhanced software and services to our customers, to achieve that objective. Note 2 – Summary of Significant Accounting Policies Principles of Consolidation The accompanying consolidated financial statements have been prepared in conformity with GAAP and reflect our accounts and operations and those of our subsidiaries in which we have a controlling financial interest', '. Our financial results may vary significantly from period-to-period due to fluctuations in our operating costs. We expect our period-to-period operating results to vary based on our operating costs which we anticipate will increase significantly in future periods as we, among other things, design, develop and manufacture Model 3, Tesla Energy products and other future products, increase the production capacity at our manufacturing facilities to produce vehicles at higher volumes, including ramping up the production of Model X, develop the Gigafactory, open new Tesla service centers with maintenance and repair capabilities, open new Supercharger locations, increase our sales and marketing activities, and increase our general and administrative functions to support our growing operations. As a result of these factors, we believe that quarter-to-quarter comparisons of our operating results, especially in the short-term, are not necessarily meaningful and that these comparisons cannot be relied upon as indicators of future performance. Moreover, our operating results may not meet expectations of equity research analysts or investors', '. However, given the significant amounts involved, our CEO entered into an indemnification agreement with us in November 2021 for additional taxes owed, if any. Tesla periodically does business with certain entities with which its CEO and directors are affiliated, such as SpaceX and X Corp., in accordance with our Related Person Transactions Policy. Such transactions have not had to date, and are not currently expected to have, a material impact on our consolidated financial statements. 91 Note 18 – Segment Reporting and Information about Geographic Areas We have two operating and reportable segments: (i) automotive and (ii) energy generation and storage. The automotive segment includes the design, development, manufacturing, sales and leasing of electric vehicles as well as sales of automotive regulatory credits. Additionally, the automotive segment is also comprised of services and other, which includes sales of used vehicles, non-warranty after-sales vehicle services, body shop and parts, paid Supercharging, vehicle insurance revenue and retail merchandise', '. had 48,817 full-time employees. To date, we have not experienced any work stoppages, and we consider our relationship with our employees to be good. Available Information We file or furnish periodic reports and amendments thereto, including our Annual Reports on Form 10-K, our Quarterly Reports on Form 10-Q and Current Reports on Form 8-K, proxy statements and other information with the Securities and Exchange Commission (“SEC”). In addition, the SEC maintains a website ( www.sec.gov ) that contains reports, proxy and information statements, and other information regarding issuers that file electronically. Our website is located at www.tesla.com , and our reports, amendments thereto, proxy statements and other information are also made available, free of charge, on our investor relations website at ir.tesla.com as soon as reasonably practicable after we electronically file or furnish such information with the SEC. The information posted on our website is not incorporated by reference into this Annual Report on Form 10-K. 15 ITEM 1A', '. Additionally, there is growing competition from other automobile and technology companies in the area of self-driving. Energy Generation and Storage Demand, Production and Deployment We are continuing to reduce customer acquisition costs of our energy generation products, transitioning away from former channel partners and shifting our sales strategy significantly to sell these products in Tesla stores and on our website and through cross-selling opportunities to our expanding base of vehicle owners. As we continue to implement this strategy, we expect that our retrofit solar system deployments will decrease slightly before stabilizing and growing in the second half of the year, including through cross-selling opportunities to our expanding base of vehicle owners. Our emphasis for retrofit solar products remains on executing projects for upfront cash generation and profitability, rather than absolute volume growth, such as by reducing the mix of leased systems and prioritizing residential installations that are combined with our energy storage products', '. These changes would have resulted in a gain or loss of $473 million at December 31, 2022 and $277 million at December 31, 2021, assuming no foreign currency hedging. 44 ITEM 8. FINANCIAL STATEMENTS AND SUPPLEMENTARY DATA Index to Consolidated Financial Statements Page Report of Independent Registered Public Accounting Firm (PCAOB ID: 238 ) 46 Consolidated Balance Sheets 48 Consolidated Statements of Operations 49 Consolidated Statements of Comprehensive Income 50 Consolidated Statements of Redeemable Noncontrolling Interests and Equity 51 Consolidated Statements of Cash Flows 52 Notes to Consolidated Financial Statements 53 45 Report of Independent Registered Public Accounting Firm To the Board of Directors and Stockholders of Tesla, Inc. Opinions on the Financial Statements and Internal Control over Financial Reporting We have audited the accompanying consolidated balance sheets of Tesla, Inc']","A strong answer compares automotive revenue with energy generation and storage, services, leasing, regulatory credits, growth in deliveries, and changes in operating scale."
q6_competition,similarity,"How does Tesla describe competitive pressure in electric vehicles, energy storage, and related markets?","Question: How does Tesla describe competitive pressure in electric vehicles, energy storage, and related markets?

Retrieved Tesla filing evidence:

[TSLA 2000 TSLA-2000-03245] . For example, Model 3 and Model Y face competition from existing and future automobile manufacturers in the extremely competitive entry-level premium sedan and compact SUV markets. A significant and growing number of established and new automobile manufacturers, as well as other companies, have entered, or are reported to have plans to enter, the market for electric and other alternative fuel vehicles, including hybrid, plug-in hybrid and fully electric vehicles, as well as the market for self-

[TSLA 2000 TSLA-2000-02190] . In particular, some competitors have also announced plans to compete with us in important and large markets for electric vehicles, such as China and in Europe. Increased competition could result in lower vehicle unit sales, price reductions, revenue shortfalls, loss of customers and loss of market share, which could harm our business, prospects, financial condition and operating results. In addition, Model 3 and Model Y face competition from existing and future automobile manufacturers in the 

[TSLA 2022 TSLA-2022-03704] . We face strong competition for our products and services from a growing list of established and new competitors. The worldwide automotive market is highly competitive today and we expect it will become even more so in the future. For example, Model 3 and Model Y face competition from existing and future automobile manufacturers in the extremely competitive entry-level premium sedan and compact SUV markets. A significant and growing number of established and new automobile manufacturers, as wel

[TSLA 2020 TSLA-2020-02715] . We face strong competition for our products and services from a growing list of established and new competitors. The worldwide automotive market is highly competitive today and we expect it will become even more so in the future. For example, Model 3 and Model Y face competition from existing and future automobile manufacturers in the extremely competitive entry-level premium sedan and compact SUV markets. A significant and growing number of established and new automobile manufacturers, as wel",extractive_fallback,"['TSLA-2000-03245', 'TSLA-2000-02190', 'TSLA-2022-03704', 'TSLA-2020-02715', 'TSLA-1900-01573', 'TSLA-2024-04536', 'TSLA-2016-00416', 'TSLA-2017-01016']","['. For example, Model 3 and Model Y face competition from existing and future automobile manufacturers in the extremely competitive entry-level premium sedan and compact SUV markets. A significant and growing number of established and new automobile manufacturers, as well as other companies, have entered, or are reported to have plans to enter, the market for electric and other alternative fuel vehicles, including hybrid, plug-in hybrid and fully electric vehicles, as well as the market for self-driving technology and other vehicle applications and software platforms. In some cases, our competitors offer or will offer electric vehicles in important markets such as China and Europe, and/or have announced an intention to produce electric vehicles exclusively at some point in the future. Many of our competitors have significantly greater or better-established resources than we do to devote to the design, development, manufacturing, distribution, promotion, sale and support of their products', '. In particular, some competitors have also announced plans to compete with us in important and large markets for electric vehicles, such as China and in Europe. Increased competition could result in lower vehicle unit sales, price reductions, revenue shortfalls, loss of customers and loss of market share, which could harm our business, prospects, financial condition and operating results. In addition, Model 3 and Model Y face competition from existing and future automobile manufacturers in the extremely competitive entry-level premium sedan and compact SUV market, including BMW, Ford, Lexus, Mercedes and Volkswagen Group. The solar and energy storage industries are highly competitive. We face competition from other manufacturers, developers and installers of solar and energy storage systems, as well as from large utilities. Decreases in the retail prices of electricity from utilities or other renewable energy sources could make our products less attractive to customers and lead to an increased rate of customer defaults under our existing long-term leases and PPAs', '. We face strong competition for our products and services from a growing list of established and new competitors. The worldwide automotive market is highly competitive today and we expect it will become even more so in the future. For example, Model 3 and Model Y face competition from existing and future automobile manufacturers in the extremely competitive entry-level premium sedan and compact SUV markets. A significant and growing number of established and new automobile manufacturers, as well as other companies, have entered, or are reported to have plans to enter, the market for electric and other alternative fuel vehicles, including hybrid, plug-in hybrid and fully electric vehicles, as well as the market for self-driving technology and other vehicle applications and software platforms. In some cases, our competitors offer or will offer electric vehicles in important markets such as China and Europe, and/or have announced an intention to produce electric vehicles exclusively at some point in the future', '. We face strong competition for our products and services from a growing list of established and new competitors. The worldwide automotive market is highly competitive today and we expect it will become even more so in the future. For example, Model 3 and Model Y face competition from existing and future automobile manufacturers in the extremely competitive entry-level premium sedan and compact SUV markets. A significant and growing number of established and new automobile manufacturers, as well as other companies, have entered or are reported to have plans to enter the market for electric and other alternative fuel vehicles, including hybrid, plug-in hybrid and fully electric vehicles, as well as the market for self-driving technology and other vehicle applications and software platforms. In some cases, our competitors offer or will offer electric vehicles in important markets such as China and Europe, and/or have announced an intention to produce electric vehicles exclusively at some point in the future', '. In some cases, such competitors have announced an intention to produce electric vehicles exclusively at some point in the future. Most of our current and potential competitors have significantly greater financial, technical, manufacturing, marketing, vehicle sales resources and networks than we do and may be able to devote greater resources to the design, development, manufacturing, distribution, promotion, sale and support of their products. In particular, some competitors have also announced plans to compete with us in important and large markets for electric vehicles, such as China. Increased competition could result in lower vehicle unit sales, price reductions, revenue shortfalls, loss of customers and loss of market share, which could harm our business, prospects, financial condition and operating results. In addition, our Model 3 vehicle faces competition from existing and future automobile manufacturers in the extremely competitive entry-level premium sedan market, including Audi, BMW, Lexus and Mercedes. The solar and energy storage industries are highly competitive', '. Many of our competitors have significantly more or better-established resources than we do to devote to the design, development, manufacturing, distribution, promotion, sale and support of their products. Increased competition could result in our lower vehicle unit sales, price reductions, revenue shortfalls, loss of customers and loss of market share, which may harm our business, financial condition and operating results. 16 Table of Contents We also face competition in our energy generation and storage business from other manufacturers, developers, installers and service providers of competing energy technologies, as well as from large utilities. In addition, decreases in the retail or wholesale prices of electricity from utilities or other renewable energy sources could make our products less attractive to customers and lead to an increased rate of customer defaults. Risks Related to Our Operations We may experience issues with lithium-ion cells or other components manufactured at our Gigafactories, which may harm the production and profitability of our vehicle and energy storage products', '. The SREC can then be sold or traded separately from the energy produced, generally through brokers and dealers facilitating individually negotiated bilateral arrangements. Competition Vehicles The worldwide automotive market, particularly for alternative fuel vehicles, is highly competitive today and we expect it will become even more so in the future as we introduce additional, lower priced vehicles such as our Model 3, and as we introduce other types of vehicles. We believe the primary competitive factors in our markets include but are not limited to: • technological innovation; • product quality and safety; • service options; • product performance; • design and styling; • brand perception; • product price; and • manufacturing efficiency. We believe that our vehicles compete in the market both based on their traditional segment classification as well as based on their propulsion technology', '. Increased competition could result in lower vehicle unit sales, price reductions, revenue shortfalls, loss of customers and loss of market share, which could harm our business, prospects, financial condition and operating results. In addition, our Model 3 vehicle faces competition from existing and future automobile manufacturers in the extremely competitive entry-level premium sedan market, including Audi, BMW, Lexus and Mercedes. The solar and energy storage industries are highly competitive. We face competition from other manufacturers, developers and installers of solar and energy storage systems, as well as from large utilities. Decreases in the retail prices of electricity from utilities or other renewable energy sources could make our products less attractive to customers and lead to an increased rate of customer defaults under our existing long-term leases and PPAs. Moreover, solar panel and lithium-ion battery prices have declined and are continuing to decline']","A strong answer cites competition from incumbent automakers, EV entrants, battery suppliers, energy storage providers, technology companies, and pricing or innovation pressure."
q6_competition,mmr,"How does Tesla describe competitive pressure in electric vehicles, energy storage, and related markets?","Question: How does Tesla describe competitive pressure in electric vehicles, energy storage, and related markets?

Retrieved Tesla filing evidence:

[TSLA 2000 TSLA-2000-03245] . For example, Model 3 and Model Y face competition from existing and future automobile manufacturers in the extremely competitive entry-level premium sedan and compact SUV markets. A significant and growing number of established and new automobile manufacturers, as well as other companies, have entered, or are reported to have plans to enter, the market for electric and other alternative fuel vehicles, including hybrid, plug-in hybrid and fully electric vehicles, as well as the market for self-

[TSLA 1900 TSLA-1900-01664] . Additionally, there is growing competition from other automobile and technology companies in the area of self-driving. Energy Generation and Storage Demand, Production and Deployment We are continuing to reduce customer acquisition costs of our energy generation products, transitioning away from former channel partners and shifting our sales strategy significantly to sell these products in Tesla stores and on our website and through cross-selling opportunities to our expanding base of vehicle 

[TSLA 2023 TSLA-2023-04121] . Though we continue to see increased interest and adoption of electric vehicles, if the market for electric vehicles in general and Tesla vehicles in particular does not develop as we expect, develops more slowly than we expect, or if demand for our vehicles decreases in our markets or our vehicles compete with each other, our business, prospects, financial condition and operating results may be harmed. In addition, electric vehicles still constitute a small percentage of overall vehicle sales.

[TSLA 2024 TSLA-2024-04536] . Many of our competitors have significantly more or better-established resources than we do to devote to the design, development, manufacturing, distribution, promotion, sale and support of their products. Increased competition could result in our lower vehicle unit sales, price reductions, revenue shortfalls, loss of customers and loss of market share, which may harm our business, financial condition and operating results. 16 Table of Contents We also face competition in our energy generation ",extractive_fallback,"['TSLA-2000-03245', 'TSLA-1900-01664', 'TSLA-2023-04121', 'TSLA-2024-04536', 'TSLA-2015-00050', 'TSLA-2000-02150', 'TSLA-2023-04093', 'TSLA-2000-02167']","['. For example, Model 3 and Model Y face competition from existing and future automobile manufacturers in the extremely competitive entry-level premium sedan and compact SUV markets. A significant and growing number of established and new automobile manufacturers, as well as other companies, have entered, or are reported to have plans to enter, the market for electric and other alternative fuel vehicles, including hybrid, plug-in hybrid and fully electric vehicles, as well as the market for self-driving technology and other vehicle applications and software platforms. In some cases, our competitors offer or will offer electric vehicles in important markets such as China and Europe, and/or have announced an intention to produce electric vehicles exclusively at some point in the future. Many of our competitors have significantly greater or better-established resources than we do to devote to the design, development, manufacturing, distribution, promotion, sale and support of their products', '. Additionally, there is growing competition from other automobile and technology companies in the area of self-driving. Energy Generation and Storage Demand, Production and Deployment We are continuing to reduce customer acquisition costs of our energy generation products, transitioning away from former channel partners and shifting our sales strategy significantly to sell these products in Tesla stores and on our website and through cross-selling opportunities to our expanding base of vehicle owners. As we continue to implement this strategy, we expect that our retrofit solar system deployments will decrease slightly before stabilizing and growing in the second half of the year, including through cross-selling opportunities to our expanding base of vehicle owners. Our emphasis for retrofit solar products remains on executing projects for upfront cash generation and profitability, rather than absolute volume growth, such as by reducing the mix of leased systems and prioritizing residential installations that are combined with our energy storage products', '. Though we continue to see increased interest and adoption of electric vehicles, if the market for electric vehicles in general and Tesla vehicles in particular does not develop as we expect, develops more slowly than we expect, or if demand for our vehicles decreases in our markets or our vehicles compete with each other, our business, prospects, financial condition and operating results may be harmed. In addition, electric vehicles still constitute a small percentage of overall vehicle sales. As a result, the market for our vehicles could be negatively affected by numerous factors, such as: • perceptions about electric vehicle features, quality, safety, performance and cost; • perceptions about the limited range over which electric vehicles may be driven on a single battery charge, and access to charging facilities; • competition, including from other types of alternative fuel vehicles, plug-in hybrid electric vehicles and high fuel-economy internal combustion engine vehicles; • volatility in the cost of oil, gasoline and energy; • government regulations and economic incentives and conditions; and • concerns about our future viability', '. Many of our competitors have significantly more or better-established resources than we do to devote to the design, development, manufacturing, distribution, promotion, sale and support of their products. Increased competition could result in our lower vehicle unit sales, price reductions, revenue shortfalls, loss of customers and loss of market share, which may harm our business, financial condition and operating results. 16 Table of Contents We also face competition in our energy generation and storage business from other manufacturers, developers, installers and service providers of competing energy technologies, as well as from large utilities. In addition, decreases in the retail or wholesale prices of electricity from utilities or other renewable energy sources could make our products less attractive to customers and lead to an increased rate of customer defaults. Risks Related to Our Operations We may experience issues with lithium-ion cells or other components manufactured at our Gigafactories, which may harm the production and profitability of our vehicle and energy storage products', '. In addition, we expect the dealer associations to actively lobby state licensing agencies and legislators to interpret existing laws or enact new laws in ways not favorable to Tesla’s ownership and operation of its own retail and service locations. While we have analyzed the principal laws in the US, EU, China, Japan, UK, and Australia relating to our distribution model and believe we comply with such laws, we have not performed a complete analysis of all jurisdictions in which we may sell vehicles. Accordingly, there may be laws in certain jurisdictions that may restrict our sales and service operations. Competition The worldwide automotive market, particularly for alternative fuel vehicles, is highly competitive today and we expect it will become even more so in the future as we introduce additional, lower priced vehicles such as our Model 3. We believe the primary competitive factors in our markets include but are not limited to: · technological innovation; · product quality and safety; · service options; · product performance; · design and styling; · brand perception; 11 · product price; and · manufacturing efficiency', '. In SREC state markets, the RPS requires electricity suppliers to secure a portion of their electricity from solar generators. The SREC program provides a means for the generation of SRECs, which can then be sold separately from the energy produced to covered entities who surrender the SRECs to the state to prove compliance with the state’s renewable energy mandate. Competition Automotive The worldwide automotive market is highly competitive and we expect it will become even more competitive in the future as we introduce additional vehicles in a broader cross-section of the passenger and commercial vehicle market and expand our vehicles’ capabilities. We believe that our vehicles compete in the market both based on their traditional segment classification as well as based on their propulsion technology. For example, Model S and Model X compete primarily with premium sedans and premium SUVs and Model 3 and Model Y compete with small to medium-sized sedans and compact SUVs, which are extremely competitive markets', '. In certain jurisdictions, regulators or utilities have reduced or eliminated the benefit available under net metering or have proposed to do so. Competition Automotive The worldwide automotive market is highly competitive and we expect it will become even more competitive in the future as a significant and growing number of established and new automobile manufacturers, as well as other companies, have entered, or are reported to have plans to enter the electric vehicle market. We believe that our vehicles compete in the market based on both their traditional segment classification as well as their propulsion technology. For example, Cybertruck competes with other pickup trucks, Model S and Model X compete primarily with premium sedans and premium SUVs and Model 3 and Model Y compete with small to medium-sized sedans and compact SUVs, which are extremely competitive markets. Competing products typically include internal combustion vehicles from more established automobile manufacturers; however, many established and new automobile manufacturers have entered or have announced plans to enter the market for electric and other alternative fuel vehicles', '. Our future growth and success is dependent upon consumers’ willingness to adopt electric vehicles and specifically our vehicles. We operate in the automotive industry, which is generally susceptible to cyclicality and volatility. Our growth is highly dependent upon the worldwide adoption by consumers of alternative fuel vehicles in general and electric vehicles in particular. Although we have successfully grown demand for our vehicles thus far, there is no guarantee of such future demand, or that our vehicles will not compete with one another in the market. Moreover, the target demographics for our vehicles, in particular the mass market demographic for Model 3 and Model Y, are highly competitive. If the market for electric vehicles in general and Tesla vehicles in particular does not develop as we expect, develops more slowly than we expect, or if demand for our vehicles decreases in our markets, our business, prospects, financial condition and operating results could be harmed. We have only relatively recently achieved high-volume production of vehicles, and are still at an earlier stage and have limited resources relative to our competitors']","A strong answer cites competition from incumbent automakers, EV entrants, battery suppliers, energy storage providers, technology companies, and pricing or innovation pressure."
